timestamp,ear,pitch,yaw,is_phone,eyes_open
2025-11-30T15:36:51.401165,0.3337,-162.54,35.16,1,1
2025-11-30T15:36:51.421166,0.3447,-170.45,14.77,0,1
2025-11-30T15:36:51.438167,0.3648,-173.08,12.59,0,1
2025-11-30T15:36:51.455171,0.3395,-170.15,13.76,0,1
2025-11-30T15:36:51.471169,0.3337,-168.72,13.46,0,1
2025-11-30T15:36:51.490168,0.3382,-162.41,43.42,1,1
2025-11-30T15:36:51.523166,0.3365,-161.55,45.22,1,1
2025-11-30T15:36:51.555166,0.3289,-161.41,48.51,1,1
2025-11-30T15:36:51.572165,0.3268,-161.54,48.16,1,1
2025-11-30T15:36:51.607165,0.3145,-157.49,51.26,1,1
2025-11-30T15:36:51.655165,0.3226,-153.77,58.35,1,1
2025-11-30T15:36:51.732168,0.2876,-158.03,65.14,1,1
2025-11-30T15:36:51.752169,0.2876,50.50,20.40,1,1
2025-11-30T15:36:51.771166,0.2780,86.95,-54.82,1,1
2025-11-30T15:36:51.790165,0.2826,-158.42,67.34,1,1
2025-11-30T15:36:51.816164,0.2761,-156.21,65.78,1,1
2025-11-30T15:36:51.866167,0.2860,-163.90,19.71,0,1
2025-11-30T15:36:51.885167,0.2827,121.27,-71.51,1,1
2025-11-30T15:36:51.918168,0.2716,-157.44,69.52,1,1
2025-11-30T15:36:51.971165,0.2843,-154.91,67.22,1,1
2025-11-30T15:36:51.987169,0.2827,-158.22,67.94,1,1
2025-11-30T15:36:52.017166,0.2763,-160.32,67.70,1,1
2025-11-30T15:36:52.083165,0.2756,-159.41,67.26,1,1
2025-11-30T15:36:52.100167,0.2703,-159.93,67.64,1,1
2025-11-30T15:36:52.117166,0.2627,-165.35,11.27,0,1
2025-11-30T15:36:52.134167,0.2926,-161.84,57.85,1,1
2025-11-30T15:36:52.164167,0.2831,-157.39,38.34,1,1
2025-11-30T15:36:52.225165,0.3301,-155.66,24.57,1,1
2025-11-30T15:36:52.264167,0.3531,-161.24,19.90,0,1
2025-11-30T15:36:52.281166,0.3186,-158.42,21.37,1,1
2025-11-30T15:36:52.321166,0.2925,-158.98,22.57,1,1
2025-11-30T15:36:52.372165,0.2894,-161.49,23.54,1,1
2025-11-30T15:36:52.390166,0.3398,-171.97,46.49,1,1
2025-11-30T15:36:52.425170,0.3062,-158.76,26.55,1,1
2025-11-30T15:36:52.496168,0.3665,-158.54,28.01,1,1
2025-11-30T15:36:52.513166,0.3771,-159.01,27.84,1,1
2025-11-30T15:36:52.558166,0.3484,-158.65,27.54,1,1
2025-11-30T15:36:52.576166,0.3707,-160.14,26.73,1,1
2025-11-30T15:36:52.634166,0.3554,-162.47,26.31,1,1
2025-11-30T15:36:52.658167,0.3685,-162.75,27.82,1,1
2025-11-30T15:36:52.682165,0.3417,-165.25,20.36,1,1
2025-11-30T15:36:52.706165,0.3392,-164.12,24.84,1,1
2025-11-30T15:36:52.727171,0.3331,-163.57,19.93,0,1
2025-11-30T15:36:52.767165,0.3120,-166.46,16.72,0,1
2025-11-30T15:36:52.782165,0.3349,-168.19,18.46,0,1
2025-11-30T15:36:52.821165,0.3434,-169.11,9.14,0,1
2025-11-30T15:36:52.869165,0.3223,-168.50,3.69,0,1
2025-11-30T15:36:52.884167,0.3315,-169.70,8.40,0,1
2025-11-30T15:36:52.914165,0.3215,-169.31,2.23,0,1
2025-11-30T15:36:52.964191,0.3307,-168.78,1.86,0,1
2025-11-30T15:36:52.980165,0.3296,-169.28,5.01,0,1
2025-11-30T15:36:53.016166,0.3455,-169.72,4.71,0,1
2025-11-30T15:36:53.069165,0.3534,-169.80,3.24,0,1
2025-11-30T15:36:53.085165,0.3480,-170.68,5.50,0,1
2025-11-30T15:36:53.117166,0.3348,-170.64,1.79,0,1
2025-11-30T15:36:53.170166,0.3545,-168.30,0.99,0,1
2025-11-30T15:36:53.187164,0.3380,-169.09,3.21,0,1
2025-11-30T15:36:53.215166,0.3493,-168.52,0.07,0,1
2025-11-30T15:36:53.266165,0.3557,-168.93,1.39,0,1
2025-11-30T15:36:53.284165,0.3530,-169.06,1.66,0,1
2025-11-30T15:36:53.320165,0.3537,-170.58,1.91,0,1
2025-11-30T15:36:53.362164,0.3450,-169.07,3.89,0,1
2025-11-30T15:36:53.378166,0.3445,-170.07,4.09,0,1
2025-11-30T15:36:53.424167,0.3491,-168.13,3.39,0,1
2025-11-30T15:36:53.466167,0.3292,-169.25,4.71,0,1
2025-11-30T15:36:53.482164,0.3360,-168.14,2.27,0,1
2025-11-30T15:36:53.514165,0.3412,-169.27,4.07,0,1
2025-11-30T15:36:53.580166,0.3102,-168.62,7.38,0,1
2025-11-30T15:36:53.598166,0.3251,-168.77,13.00,0,1
2025-11-30T15:36:53.622165,0.3339,-167.62,13.25,0,1
2025-11-30T15:36:53.640165,0.3306,-168.02,13.34,0,1
2025-11-30T15:36:53.671164,0.3258,-167.34,11.82,0,1
2025-11-30T15:36:53.723165,0.3213,-167.09,4.72,0,1
2025-11-30T15:36:53.786166,0.3099,-168.09,7.79,0,1
2025-11-30T15:36:53.804166,0.3248,-168.82,7.80,0,1
2025-11-30T15:36:53.824166,0.3353,-167.04,15.74,0,1
2025-11-30T15:36:53.840167,0.3325,-167.21,10.79,0,1
2025-11-30T15:36:53.887165,0.3395,-167.13,16.87,0,1
2025-11-30T15:36:53.925165,0.3189,-166.78,15.28,0,1
2025-11-30T15:36:53.941166,0.3048,-167.64,14.29,0,1
2025-11-30T15:36:53.981167,0.3259,-167.40,20.16,1,1
2025-11-30T15:36:54.019167,0.3258,-167.59,7.27,0,1
2025-11-30T15:36:54.071166,0.3568,-166.86,13.89,0,1
2025-11-30T15:36:54.092165,0.3609,-168.13,22.03,1,1
2025-11-30T15:36:54.121166,0.3407,-167.56,19.61,0,1
2025-11-30T15:36:54.183166,0.3444,-169.01,11.62,0,1
2025-11-30T15:36:54.203166,0.3379,-170.59,17.04,0,1
2025-11-30T15:36:54.221165,0.3434,-169.67,7.10,0,1
2025-11-30T15:36:54.263164,0.3348,-169.78,6.81,0,1
2025-11-30T15:36:54.283168,0.3256,-169.76,11.41,0,1
2025-11-30T15:36:54.325167,0.3500,-168.40,12.91,0,1
2025-11-30T15:36:54.373175,0.3282,-168.95,8.39,0,1
2025-11-30T15:36:54.393166,0.3288,-168.75,7.99,0,1
2025-11-30T15:36:54.417166,0.3143,-167.82,8.03,0,1
2025-11-30T15:36:54.474188,0.2870,-166.89,0.56,0,1
2025-11-30T15:36:54.517166,0.3376,-165.11,1.12,0,1
2025-11-30T15:36:54.535166,0.3332,-166.27,3.04,0,1
2025-11-30T15:36:54.563166,0.3269,-165.81,4.63,0,1
2025-11-30T15:36:54.581167,0.3319,-165.83,5.15,0,1
2025-11-30T15:36:54.621166,0.3363,-166.10,4.74,0,1
2025-11-30T15:36:54.672165,0.3332,-165.65,5.40,0,1
2025-11-30T15:36:54.690166,0.3389,-165.78,3.48,0,1
2025-11-30T15:36:54.716166,0.3341,-165.66,4.31,0,1
2025-11-30T15:36:54.764167,0.3567,-163.42,1.39,0,1
2025-11-30T15:36:54.810166,0.3364,-164.34,3.90,0,1
2025-11-30T15:36:54.826168,0.3353,-163.96,4.63,0,1
2025-11-30T15:36:54.873166,0.3377,-162.83,7.67,0,1
2025-11-30T15:36:54.916165,0.3175,-163.34,5.64,0,1
2025-11-30T15:36:55.009166,0.3225,-163.17,3.27,0,1
2025-11-30T15:36:55.026167,0.3325,-162.57,4.59,0,1
2025-11-30T15:36:55.044164,0.3388,-163.72,5.82,0,1
2025-11-30T15:36:55.059166,0.3452,-162.76,3.72,0,1
2025-11-30T15:36:55.120166,0.3448,-163.82,5.79,0,1
2025-11-30T15:36:55.137166,0.3617,-164.89,6.50,0,1
2025-11-30T15:36:55.215166,0.3497,-165.07,8.10,0,1
2025-11-30T15:36:55.265168,0.3567,-164.95,7.00,0,1
2025-11-30T15:36:55.322165,0.3615,-164.63,6.99,0,1
2025-11-30T15:36:55.339166,0.3415,-163.20,4.60,0,1
2025-11-30T15:36:55.370165,0.3425,-164.33,6.57,0,1
2025-11-30T15:36:55.387165,0.3230,-163.25,7.46,0,1
2025-11-30T15:36:55.651165,0.3276,-163.97,7.19,0,1
2025-11-30T15:36:55.851165,0.3377,-163.58,8.18,0,1
2025-11-30T15:36:55.866167,0.3286,-163.91,5.75,0,1
2025-11-30T15:36:55.882166,0.2852,-165.20,6.97,0,1
2025-11-30T15:36:55.898165,0.2411,-166.17,6.60,0,1
2025-11-30T15:36:55.914170,0.2521,-165.58,5.70,0,1
2025-11-30T15:36:55.933170,0.2662,-165.99,7.58,0,1
2025-11-30T15:36:55.965167,0.2950,-165.66,2.39,0,1
2025-11-30T15:36:55.987170,0.2841,-165.88,7.24,0,1
2025-11-30T15:36:56.027168,0.2924,-165.94,6.77,0,1
2025-11-30T15:36:56.078167,0.2740,-166.22,4.05,0,1
2025-11-30T15:36:56.097165,0.2864,-166.14,6.25,0,1
2025-11-30T15:36:56.121166,0.2811,-166.20,5.21,0,1
2025-11-30T15:36:56.178165,0.2938,-165.81,5.71,0,1
2025-11-30T15:36:56.196168,0.2881,-166.15,4.63,0,1
2025-11-30T15:36:56.219166,0.3011,-165.22,8.06,0,1
2025-11-30T15:36:56.268167,0.2898,-165.79,7.98,0,1
2025-11-30T15:36:56.345166,0.2974,-167.52,6.20,0,1
2025-11-30T15:36:56.364165,0.3008,-167.27,5.96,0,1
2025-11-30T15:36:56.390166,0.2750,-167.10,8.31,0,1
2025-11-30T15:36:56.408167,0.2939,-167.52,6.66,0,1
2025-11-30T15:36:56.449165,0.2917,-167.76,4.88,0,1
2025-11-30T15:36:56.467167,0.2855,-168.20,5.45,0,1
2025-11-30T15:36:56.484167,0.2863,-168.47,5.16,0,1
2025-11-30T15:36:56.532165,0.3117,-168.78,3.61,0,1
2025-11-30T15:36:56.575165,0.3419,-169.97,-2.97,0,1
2025-11-30T15:36:56.594168,0.3450,-169.68,1.10,0,1
2025-11-30T15:36:56.637165,0.3115,-172.60,2.14,0,1
2025-11-30T15:36:56.680165,0.3090,-172.17,1.72,0,1
2025-11-30T15:36:56.702166,0.2888,-173.31,2.35,0,1
2025-11-30T15:36:56.720165,0.3068,-173.55,-0.03,0,1
2025-11-30T15:36:56.771168,0.2947,-173.83,4.53,0,1
2025-11-30T15:36:56.789168,0.3067,-174.22,4.16,0,1
2025-11-30T15:36:56.814165,0.2981,-174.73,2.47,0,1
2025-11-30T15:36:56.863167,0.2915,-174.51,2.30,0,1
2025-11-30T15:36:56.909164,0.2742,-175.04,5.63,0,1
2025-11-30T15:36:56.925169,0.2697,-173.99,5.71,0,1
2025-11-30T15:36:56.961166,0.1820,-174.73,5.83,0,1
2025-11-30T15:36:57.024166,0.1820,-174.32,6.43,0,0
2025-11-30T15:36:57.041167,0.1919,-174.24,1.61,0,0
2025-11-30T15:36:57.095173,0.1893,-173.50,2.38,0,0
2025-11-30T15:36:57.113165,0.1809,-172.69,3.25,0,0
2025-11-30T15:36:57.135164,0.1733,-172.74,3.98,0,0
2025-11-30T15:36:57.178165,0.1814,-172.55,3.38,0,0
2025-11-30T15:36:57.195165,0.1682,-172.01,2.17,0,0
2025-11-30T15:36:57.221166,0.1809,-171.83,3.02,0,0
2025-11-30T15:36:57.263167,0.1625,-170.54,2.16,0,0
2025-11-30T15:36:57.280165,0.1720,-171.29,2.98,0,0
2025-11-30T15:36:57.319166,0.1698,-170.10,4.93,0,0
2025-11-30T15:36:57.388165,0.2172,-171.18,3.48,0,0
2025-11-30T15:36:57.406166,0.2160,-171.76,5.18,0,0
2025-11-30T15:36:57.428166,0.2684,-172.10,4.71,0,0
2025-11-30T15:36:57.476166,0.3164,-171.82,4.05,0,0
2025-11-30T15:36:57.494168,0.3193,-173.03,4.35,0,1
2025-11-30T15:36:57.554169,0.3366,-169.40,2.77,0,1
2025-11-30T15:36:57.573166,0.3454,-172.36,1.87,0,1
2025-11-30T15:36:57.592167,0.3387,-172.59,3.94,0,1
2025-11-30T15:36:57.618166,0.3323,-172.43,2.49,0,1
2025-11-30T15:36:57.688167,0.3333,-172.21,3.74,0,1
2025-11-30T15:36:57.737168,0.3363,-172.57,3.93,0,1
2025-11-30T15:36:57.755167,0.3476,-173.24,1.86,0,1
2025-11-30T15:36:57.774167,0.3383,-172.96,1.65,0,1
2025-11-30T15:36:57.789166,0.3383,-171.90,-0.72,0,1
2025-11-30T15:36:57.810169,0.3379,-172.73,-0.47,0,1
2025-11-30T15:36:57.891165,0.3354,-174.14,2.14,0,1
2025-11-30T15:36:57.936166,0.3533,-172.70,2.51,0,1
2025-11-30T15:36:57.953165,0.3355,-174.08,1.63,0,1
2025-11-30T15:36:57.973166,0.3521,-173.83,-0.76,0,1
2025-11-30T15:36:58.020165,0.3460,-173.89,2.65,0,1
2025-11-30T15:36:58.037166,0.3544,-173.43,0.83,0,1
2025-11-30T15:36:58.088166,0.3672,-173.11,-1.81,0,1
2025-11-30T15:36:58.104166,0.3535,-174.13,-0.64,0,1
2025-11-30T15:36:58.130167,0.3675,-171.90,-0.63,0,1
2025-11-30T15:36:58.148165,0.3724,-173.90,0.15,0,1
2025-11-30T15:36:58.179168,0.3573,-171.48,-4.11,0,1
2025-11-30T15:36:58.534168,0.3557,-172.94,-12.38,0,1
2025-11-30T15:36:58.621169,0.3575,-173.44,-11.02,0,1
2025-11-30T15:36:58.746170,0.3568,-173.87,-6.83,0,1
2025-11-30T15:36:58.785168,0.3419,-174.33,-9.32,0,1
2025-11-30T15:36:58.801166,0.3494,-174.03,-7.48,0,1
2025-11-30T15:36:58.820166,0.3314,-174.48,-9.16,0,1
2025-11-30T15:36:58.983166,0.3471,-176.29,-12.99,0,1
2025-11-30T15:36:59.016167,0.3527,-176.91,-4.11,0,1
2025-11-30T15:36:59.035167,0.3467,-177.02,-2.69,0,1
2025-11-30T15:36:59.051167,0.3400,-176.45,-3.69,0,1
2025-11-30T15:36:59.066166,0.3506,-175.59,-7.80,0,1
2025-11-30T15:36:59.091167,0.3482,-174.22,-8.51,0,1
2025-11-30T15:36:59.308167,0.3348,-176.85,-8.28,0,1
2025-11-30T15:36:59.326167,0.3343,-175.23,-7.95,0,1
2025-11-30T15:36:59.346167,0.3296,-177.00,-2.71,0,1
2025-11-30T15:36:59.362166,0.3479,-177.11,-7.55,0,1
2025-11-30T15:36:59.482168,0.3335,-175.31,-8.33,0,1
2025-11-30T15:36:59.514165,0.3444,-176.61,-4.28,0,1
2025-11-30T15:36:59.536168,0.3318,-175.31,-8.25,0,1
2025-11-30T15:36:59.579166,0.3313,-174.82,-9.21,0,1
2025-11-30T15:36:59.597167,0.3220,-177.00,-4.95,0,1
2025-11-30T15:36:59.643166,0.3244,-177.05,-5.69,0,1
2025-11-30T15:36:59.669167,0.3168,-174.98,-6.37,0,1
2025-11-30T15:36:59.723166,0.3465,-174.07,-8.61,0,1
2025-11-30T15:36:59.742172,0.3379,-174.92,-1.45,0,1
2025-11-30T15:36:59.765167,0.3518,-176.70,-5.46,0,1
2025-11-30T15:36:59.783168,0.3312,-175.10,-5.94,0,1
2025-11-30T15:36:59.826169,0.3237,-176.05,-8.24,0,1
2025-11-30T15:36:59.878166,0.3346,-175.75,-7.02,0,1
2025-11-30T15:36:59.924167,0.3345,-175.50,-4.78,0,1
2025-11-30T15:36:59.948167,0.3244,-174.21,-6.37,0,1
2025-11-30T15:36:59.975166,0.3223,-175.21,-9.75,0,1
2025-11-30T15:36:59.994167,0.3483,-174.11,-7.75,0,1
2025-11-30T15:37:00.027169,0.3350,-175.75,-10.24,0,1
2025-11-30T15:37:00.072168,0.3167,-173.14,-7.53,0,1
2025-11-30T15:37:00.090169,0.3289,-174.13,-10.49,0,1
2025-11-30T15:37:00.142166,0.3548,-173.49,-8.84,0,1
2025-11-30T15:37:00.177173,0.3309,-172.96,-8.98,0,1
2025-11-30T15:37:00.198168,0.3279,-172.43,-8.06,0,1
2025-11-30T15:37:00.253166,0.3251,-174.44,-6.72,0,1
2025-11-30T15:37:00.274166,0.3354,-174.09,-8.11,0,1
2025-11-30T15:37:00.291170,0.3284,-173.78,-8.19,0,1
2025-11-30T15:37:00.314166,0.3452,-174.09,-8.68,0,1
2025-11-30T15:37:00.369166,0.3448,-172.54,-7.61,0,1
2025-11-30T15:37:00.415166,0.3174,-173.30,-8.58,0,1
2025-11-30T15:37:00.432166,0.3381,-172.13,-10.69,0,1
2025-11-30T15:37:00.466168,0.3462,-174.41,-6.58,0,1
2025-11-30T15:37:00.509167,0.3446,-172.42,-8.55,0,1
2025-11-30T15:37:00.528166,0.3328,-172.81,-8.47,0,1
2025-11-30T15:37:00.595167,0.3374,-172.76,-6.23,0,1
2025-11-30T15:37:00.621167,0.3346,-172.14,-7.08,0,1
2025-11-30T15:37:00.639168,0.3305,-173.09,-6.38,0,1
2025-11-30T15:37:00.659167,0.3365,-172.80,-6.16,0,1
2025-11-30T15:37:00.735166,0.3237,-174.35,-4.61,0,1
2025-11-30T15:37:00.754165,0.3250,-173.52,-6.47,0,1
2025-11-30T15:37:00.796167,0.3272,-173.29,-7.17,0,1
2025-11-30T15:37:00.815169,0.3272,-172.85,-5.91,0,1
2025-11-30T15:37:00.833166,0.3315,-172.76,-8.62,0,1
2025-11-30T15:37:00.850166,0.3271,-172.93,-5.79,0,1
2025-11-30T15:37:00.942169,0.3315,-173.48,-8.93,0,1
2025-11-30T15:37:00.962169,0.3261,-172.78,-5.04,0,1
2025-11-30T15:37:00.986175,0.3443,-173.48,-8.63,0,1
2025-11-30T15:37:01.006165,0.3280,-172.11,-7.48,0,1
2025-11-30T15:37:01.028166,0.3250,-172.08,-8.09,0,1
2025-11-30T15:37:01.070170,0.3291,-171.68,-6.98,0,1
2025-11-30T15:37:01.090168,0.3199,-172.72,-5.65,0,1
2025-11-30T15:37:01.118166,0.3247,-173.33,-7.95,0,1
2025-11-30T15:37:01.164169,0.3380,-174.40,-6.58,0,1
2025-11-30T15:37:01.216166,0.3368,-173.13,-4.72,0,1
2025-11-30T15:37:01.235165,0.3443,-173.61,-4.93,0,1
2025-11-30T15:37:01.264169,0.3349,-172.45,-6.85,0,1
2025-11-30T15:37:01.311166,0.3324,-172.83,-6.21,0,1
2025-11-30T15:37:01.406166,0.3340,-173.42,-4.24,0,1
2025-11-30T15:37:01.424166,0.3541,-174.01,-6.12,0,1
2025-11-30T15:37:01.465165,0.3316,-173.31,-6.18,0,1
2025-11-30T15:37:01.482165,0.3488,-172.54,-6.02,0,1
2025-11-30T15:37:01.565165,0.3226,-172.52,-5.12,0,1
2025-11-30T15:37:01.614165,0.3426,-173.91,-1.76,0,1
2025-11-30T15:37:01.633165,0.3328,-173.89,-2.17,0,1
2025-11-30T15:37:01.665169,0.3430,-174.06,-3.80,0,1
2025-11-30T15:37:01.725166,0.3234,-172.81,-4.19,0,1
2025-11-30T15:37:01.743166,0.3363,-173.06,-4.05,0,1
2025-11-30T15:37:01.775165,0.3321,-172.54,-5.75,0,1
2025-11-30T15:37:01.792166,0.3389,-172.01,-7.15,0,1
2025-11-30T15:37:01.826166,0.3316,-171.63,-7.00,0,1
2025-11-30T15:37:01.861166,0.3344,-171.78,-8.35,0,1
2025-11-30T15:37:01.881167,0.3375,-171.41,-6.08,0,1
2025-11-30T15:37:01.919167,0.3450,-173.06,-8.69,0,1
2025-11-30T15:37:01.971167,0.3234,-172.22,-6.14,0,1
2025-11-30T15:37:02.019166,0.3294,-171.85,-8.20,0,1
2025-11-30T15:37:02.063168,0.3281,-172.60,-8.16,0,1
2025-11-30T15:37:02.079713,0.3205,-173.31,-10.55,0,1
2025-11-30T15:37:02.118713,0.3351,-173.70,-7.48,0,1
2025-11-30T15:37:02.138713,0.3216,-172.42,-9.56,0,1
2025-11-30T15:37:02.177718,0.3465,-174.26,-11.29,0,1
2025-11-30T15:37:02.225713,0.3292,-174.71,-8.08,0,1
2025-11-30T15:37:02.243712,0.3299,-172.82,-10.07,0,1
2025-11-30T15:37:02.275713,0.3222,-174.41,-7.70,0,1
2025-11-30T15:37:02.294713,0.3391,-173.66,-7.93,0,1
2025-11-30T15:37:02.337714,0.3172,-174.93,-7.81,0,1
2025-11-30T15:37:02.367717,0.3227,-175.16,-5.51,0,1
2025-11-30T15:37:02.405716,0.3337,-173.87,-7.78,0,1
2025-11-30T15:37:02.430714,0.3353,-173.51,-8.03,0,1
2025-11-30T15:37:02.469713,0.3296,-173.62,-7.91,0,1
2025-11-30T15:37:02.524714,0.3403,-174.29,-8.84,0,1
2025-11-30T15:37:02.541713,0.3407,-174.82,-7.68,0,1
2025-11-30T15:37:02.570714,0.3379,-175.70,-8.29,0,1
2025-11-30T15:37:02.630712,0.3493,-175.43,-6.47,0,1
2025-11-30T15:37:02.648713,0.3421,-174.64,-7.22,0,1
2025-11-30T15:37:02.696711,0.3515,-173.60,-7.47,0,1
2025-11-30T15:37:02.714711,0.3734,-174.18,-8.00,0,1
2025-11-30T15:37:02.734714,0.3664,-170.91,-7.07,0,1
2025-11-30T15:37:02.751712,0.3600,-172.33,-3.63,0,1
2025-11-30T15:37:02.813712,0.3726,-169.55,0.24,0,1
2025-11-30T15:37:02.833711,0.3756,-169.23,4.89,0,1
2025-11-30T15:37:02.870712,0.3895,-167.52,5.53,0,1
2025-11-30T15:37:02.888711,0.3792,-167.24,4.85,0,1
2025-11-30T15:37:02.916712,0.3999,-166.99,0.53,0,1
2025-11-30T15:37:02.969710,0.4036,-167.81,3.75,0,1
2025-11-30T15:37:03.013710,0.3761,-168.09,1.02,0,1
2025-11-30T15:37:03.030713,0.3974,-167.04,4.69,0,1
2025-11-30T15:37:03.062710,0.3956,-167.90,3.65,0,1
2025-11-30T15:37:03.115713,0.4068,-168.05,-1.03,0,1
2025-11-30T15:37:03.134713,0.3810,-168.34,5.26,0,1
2025-11-30T15:37:03.160712,0.3984,-168.04,-0.61,0,1
2025-11-30T15:37:03.213711,0.4199,-168.52,-1.82,0,1
2025-11-30T15:37:03.234711,0.4131,-168.35,-1.79,0,1
2025-11-30T15:37:03.269711,0.4050,-168.84,-4.77,0,1
2025-11-30T15:37:03.315719,0.3921,-168.24,-8.98,0,1
2025-11-30T15:37:03.333715,0.3757,-168.58,-11.64,0,1
2025-11-30T15:37:03.359710,0.3608,-168.99,-12.52,0,1
2025-11-30T15:37:03.418712,0.3582,-167.46,-12.58,0,1
2025-11-30T15:37:03.437717,0.3746,-167.64,-12.59,0,1
2025-11-30T15:37:03.468712,0.3786,-168.12,-11.98,0,1
2025-11-30T15:37:03.516712,0.3538,-167.29,-14.05,0,1
2025-11-30T15:37:03.537711,0.3779,-167.62,-14.69,0,1
2025-11-30T15:37:03.566712,0.3795,-167.65,-11.72,0,1
2025-11-30T15:37:03.617711,0.3921,-167.67,-13.74,0,1
2025-11-30T15:37:03.635710,0.3970,-167.28,-14.01,0,1
2025-11-30T15:37:03.659712,0.3876,-167.57,-13.36,0,1
2025-11-30T15:37:03.717714,0.3804,-169.10,-12.22,0,1
2025-11-30T15:37:03.738710,0.3864,-168.26,-11.65,0,1
2025-11-30T15:37:03.764711,0.3858,-168.33,-16.27,0,1
2025-11-30T15:37:03.815714,0.3961,-169.15,-15.74,0,1
2025-11-30T15:37:03.831711,0.3892,-169.11,-13.50,0,1
2025-11-30T15:37:03.861711,0.3901,-170.39,-17.82,0,1
2025-11-30T15:37:03.908710,0.3796,-170.61,-14.27,0,1
2025-11-30T15:37:03.924729,0.3891,-169.81,-13.53,0,1
2025-11-30T15:37:03.960710,0.3991,-170.44,-13.36,0,1
2025-11-30T15:37:04.023713,0.3714,-170.42,-14.03,0,1
2025-11-30T15:37:04.041714,0.3686,-170.00,-14.39,0,1
2025-11-30T15:37:04.066710,0.3866,-170.37,-14.78,0,1
2025-11-30T15:37:04.081712,0.3881,-170.40,-14.88,0,1
2025-11-30T15:37:04.116712,0.3753,-169.93,-15.78,0,1
2025-11-30T15:37:04.169714,0.3846,-170.03,-15.99,0,1
2025-11-30T15:37:04.218711,0.3835,-169.76,-14.57,0,1
2025-11-30T15:37:04.235712,0.3899,-170.83,-14.75,0,1
2025-11-30T15:37:04.267710,0.3748,-170.41,-16.43,0,1
2025-11-30T15:37:04.333713,0.3955,-170.14,-15.54,0,1
2025-11-30T15:37:04.351714,0.3892,-170.49,-16.64,0,1
2025-11-30T15:37:04.368714,0.3872,-169.68,-15.09,0,1
2025-11-30T15:37:04.412713,0.3828,-170.45,-16.56,0,1
2025-11-30T15:37:04.431711,0.3886,-169.95,-15.79,0,1
2025-11-30T15:37:04.463717,0.3841,-170.30,-14.93,0,1
2025-11-30T15:37:04.525713,0.3757,-171.31,-15.74,0,1
2025-11-30T15:37:04.542712,0.3885,-169.73,-15.75,0,1
2025-11-30T15:37:04.564711,0.3970,-170.24,-16.05,0,1
2025-11-30T15:37:04.582710,0.3836,-169.81,-16.04,0,1
2025-11-30T15:37:04.611710,0.3831,-170.00,-16.74,0,1
2025-11-30T15:37:04.661712,0.3640,-170.45,-16.06,0,1
2025-11-30T15:37:04.713713,0.3818,-170.47,-13.97,0,1
2025-11-30T15:37:04.731711,0.3703,-170.88,-14.59,0,1
2025-11-30T15:37:04.763714,0.3768,-170.50,-15.11,0,1
2025-11-30T15:37:04.812711,0.3851,-169.69,-14.96,0,1
2025-11-30T15:37:04.829710,0.3808,-170.21,-13.85,0,1
2025-11-30T15:37:04.861709,0.3791,-171.39,-13.51,0,1
2025-11-30T15:37:04.916710,0.3552,-170.28,-16.00,0,1
2025-11-30T15:37:04.934712,0.3775,-170.38,-14.08,0,1
2025-11-30T15:37:04.968713,0.3806,-169.55,-13.93,0,1
2025-11-30T15:37:05.018710,0.3880,-168.89,-15.44,0,1
2025-11-30T15:37:05.033711,0.3826,-170.18,-15.22,0,1
2025-11-30T15:37:05.068711,0.3839,-169.69,-15.08,0,1
2025-11-30T15:37:05.117717,0.3596,-170.65,-14.88,0,1
2025-11-30T15:37:05.133711,0.3713,-170.43,-14.30,0,1
2025-11-30T15:37:05.165711,0.3805,-170.43,-13.79,0,1
2025-11-30T15:37:05.254711,0.3918,-170.53,-13.27,0,1
2025-11-30T15:37:05.270712,0.3892,-170.84,-13.18,0,1
2025-11-30T15:37:05.291711,0.4029,-169.99,-14.43,0,1
2025-11-30T15:37:05.307713,0.3699,-170.57,-14.59,0,1
2025-11-30T15:37:05.357713,0.4074,-170.04,-20.41,1,1
2025-11-30T15:37:05.373712,0.3963,-169.77,-16.08,0,1
2025-11-30T15:37:05.389712,0.4088,-169.90,-18.24,0,1
2025-11-30T15:37:05.416711,0.3796,-171.64,-15.12,0,1
2025-11-30T15:37:05.464710,0.4046,-172.09,-12.52,0,1
2025-11-30T15:37:05.517712,0.4048,-173.44,-12.69,0,1
2025-11-30T15:37:05.534711,0.3761,-173.11,-10.52,0,1
2025-11-30T15:37:05.562712,0.3847,-173.45,-10.09,0,1
2025-11-30T15:37:05.726711,0.3790,-172.79,-13.09,0,1
2025-11-30T15:37:05.749710,0.3964,-172.88,-12.58,0,1
2025-11-30T15:37:05.766710,0.3843,-172.99,-12.74,0,1
2025-11-30T15:37:05.781711,0.2092,-171.79,-16.49,0,1
2025-11-30T15:37:05.811711,0.1628,-173.08,-14.25,0,1
2025-11-30T15:37:05.867712,0.1825,-173.19,-12.91,0,1
2025-11-30T15:37:05.912711,0.2202,-175.47,-15.28,0,0
2025-11-30T15:37:05.929712,0.2396,-175.07,-10.18,0,0
2025-11-30T15:37:05.966711,0.2299,-178.45,-11.74,0,0
2025-11-30T15:37:06.009712,0.1712,-178.90,-15.51,0,0
2025-11-30T15:37:06.025710,0.1753,-179.92,-13.86,0,0
2025-11-30T15:37:06.068715,0.1431,176.28,-13.97,1,1
2025-11-30T15:37:06.123711,0.1388,176.50,-16.11,1,1
2025-11-30T15:37:06.142711,0.1447,176.87,-12.98,1,1
2025-11-30T15:37:06.162712,0.0546,176.22,-14.56,1,1
2025-11-30T15:37:06.214711,0.0270,174.35,-13.53,1,1
2025-11-30T15:37:06.230710,0.0501,174.24,-13.01,1,1
2025-11-30T15:37:06.265710,0.0360,174.20,-14.59,1,1
2025-11-30T15:37:06.313711,0.0351,175.74,-11.85,1,1
2025-11-30T15:37:06.332712,0.0462,174.96,-14.11,1,1
2025-11-30T15:37:06.370711,0.0590,175.66,-12.51,1,1
2025-11-30T15:37:06.410711,0.0727,175.76,-12.65,1,1
2025-11-30T15:37:06.427712,0.0821,175.57,-13.57,1,1
2025-11-30T15:37:06.472712,0.1515,174.18,-14.17,1,1
2025-11-30T15:37:06.522712,0.1985,173.94,-12.46,1,1
2025-11-30T15:37:06.543712,0.1807,174.66,-12.85,1,1
2025-11-30T15:37:06.595712,0.2031,173.68,-12.68,1,1
2025-11-30T15:37:06.623714,0.1925,174.52,-13.23,1,1
2025-11-30T15:37:06.640711,0.1745,174.79,-13.53,1,1
2025-11-30T15:37:06.657714,0.1757,174.45,-13.18,1,1
2025-11-30T15:37:06.714713,0.1535,175.39,-11.69,1,1
2025-11-30T15:37:06.733713,0.1384,174.80,-12.64,1,1
2025-11-30T15:37:06.761711,0.1492,174.52,-11.53,1,1
2025-11-30T15:37:06.830711,0.1549,174.65,-10.69,1,1
2025-11-30T15:37:06.847711,0.1461,175.51,-13.13,1,1
2025-11-30T15:37:06.865712,0.1460,174.74,-11.55,1,1
2025-11-30T15:37:06.882710,0.1490,174.60,-11.22,1,1
2025-11-30T15:37:06.918713,0.1472,174.59,-10.81,1,1
2025-11-30T15:37:06.963711,0.1491,174.62,-11.16,1,1
2025-11-30T15:37:07.012712,0.1490,175.00,-11.34,1,1
2025-11-30T15:37:07.029711,0.1420,176.22,-11.30,1,1
2025-11-30T15:37:07.062714,0.1604,176.26,-13.60,1,1
2025-11-30T15:37:07.116712,0.1451,178.27,-15.92,1,1
2025-11-30T15:37:07.137713,0.1503,178.39,-16.41,1,1
2025-11-30T15:37:07.164712,0.0924,176.45,-17.92,1,1
2025-11-30T15:37:07.214710,0.0556,177.66,-17.15,1,1
2025-11-30T15:37:07.233711,0.0467,177.61,-17.69,1,1
2025-11-30T15:37:07.262711,0.0570,178.66,-17.24,1,1
2025-11-30T15:37:07.310710,0.0688,-179.91,-17.54,0,0
2025-11-30T15:37:07.327710,0.0599,-179.28,-16.87,0,0
2025-11-30T15:37:07.364711,0.0597,-178.74,-16.37,0,0
2025-11-30T15:37:07.416712,0.0581,-179.38,-11.10,0,0
2025-11-30T15:37:07.431711,0.0605,-178.70,-12.78,0,0
2025-11-30T15:37:07.466710,0.0559,-179.08,-14.68,0,0
2025-11-30T15:37:07.514710,0.0547,-178.29,-14.95,0,0
2025-11-30T15:37:07.531711,0.0561,-178.63,-13.86,0,0
2025-11-30T15:37:07.565710,0.0611,-178.64,-15.45,0,0
2025-11-30T15:37:07.616713,0.0487,-177.58,-16.09,0,0
2025-11-30T15:37:07.632710,0.0476,-177.69,-14.17,0,0
2025-11-30T15:37:07.662711,0.0502,-177.14,-12.88,0,0
2025-11-30T15:37:07.711714,0.0627,-176.35,-12.97,0,0
2025-11-30T15:37:07.760713,0.0687,-177.16,-11.77,0,0
2025-11-30T15:37:07.778714,0.0702,-177.42,-12.60,0,0
2025-11-30T15:37:07.855710,0.0718,-177.64,-13.62,0,0
2025-11-30T15:37:07.870713,0.0548,-178.85,-12.57,0,0
2025-11-30T15:37:07.886709,0.0493,-178.18,-12.70,0,0
2025-11-30T15:37:07.902711,0.0504,-178.33,-14.01,0,0
2025-11-30T15:37:07.919710,0.0667,-178.63,-16.16,0,0
2025-11-30T15:37:07.958710,0.0673,-177.41,-14.08,0,0
2025-11-30T15:37:08.017710,0.0590,-176.99,-15.59,0,0
2025-11-30T15:37:08.061711,0.0621,-178.18,-16.24,0,0
2025-11-30T15:37:08.079709,0.0703,-177.39,-14.96,0,0
2025-11-30T15:37:08.116711,0.0562,-178.44,-14.60,0,0
2025-11-30T15:37:08.134710,0.0569,-178.49,-14.91,0,0
2025-11-30T15:37:08.165710,0.0680,-178.90,-16.26,0,0
2025-11-30T15:37:08.212711,0.0781,-178.40,-15.14,0,0
2025-11-30T15:37:08.228711,0.0881,-178.73,-14.29,0,0
2025-11-30T15:37:08.263712,0.0864,-179.07,-14.33,0,0
2025-11-30T15:37:08.312711,0.0697,-178.44,-15.65,0,0
2025-11-30T15:37:08.328710,0.0732,-178.90,-13.74,0,0
2025-11-30T15:37:08.368714,0.0841,-178.46,-18.31,0,0
2025-11-30T15:37:08.414731,0.0722,-178.40,-16.38,0,0
2025-11-30T15:37:08.430710,0.0619,-178.22,-13.00,0,0
2025-11-30T15:37:08.466710,0.0630,-178.20,-14.70,0,0
2025-11-30T15:37:08.517712,0.0800,-177.80,-18.40,0,0
2025-11-30T15:37:08.533712,0.0691,-177.39,-15.41,0,0
2025-11-30T15:37:08.567712,0.0701,-177.84,-13.90,0,0
2025-11-30T15:37:08.619713,0.0650,-177.75,-12.30,0,0
2025-11-30T15:37:08.635710,0.0691,-177.69,-14.22,0,0
2025-11-30T15:37:08.663711,0.0812,-178.05,-11.69,0,0
2025-11-30T15:37:08.711712,0.1026,-177.76,-10.61,0,0
2025-11-30T15:37:08.769711,0.1156,-177.21,-7.16,0,0
2025-11-30T15:37:08.785712,0.0838,-177.50,-8.04,0,0
2025-11-30T15:37:08.811711,0.0985,-177.07,-7.97,0,0
2025-11-30T15:37:08.828712,0.1029,-178.35,-7.13,0,0
2025-11-30T15:37:08.857728,0.0946,-176.67,-4.43,0,0
2025-11-30T15:37:08.912710,0.1275,-176.82,-3.28,0,0
2025-11-30T15:37:08.965711,0.1474,-176.44,-10.58,0,0
2025-11-30T15:37:08.981711,0.1410,-176.72,-5.83,0,0
2025-11-30T15:37:09.010711,0.1734,-175.78,-5.16,0,0
2025-11-30T15:37:09.025709,0.1736,-176.38,-5.79,0,0
2025-11-30T15:37:09.084711,0.1928,-176.15,-1.52,0,0
2025-11-30T15:37:09.144711,0.2201,-176.91,0.29,0,0
2025-11-30T15:37:09.161712,0.2014,-177.66,1.41,0,0
2025-11-30T15:37:09.186710,0.2129,-177.99,2.53,0,0
2025-11-30T15:37:09.203711,0.2101,-176.90,-5.57,0,0
2025-11-30T15:37:09.224710,0.2374,-176.95,-0.28,0,0
2025-11-30T15:37:09.260710,0.2178,-177.48,4.77,0,0
2025-11-30T15:37:09.315712,0.2226,-177.64,5.85,0,0
2025-11-30T15:37:09.362711,0.2436,-177.33,3.21,0,0
2025-11-30T15:37:09.380711,0.2362,-178.02,2.30,0,0
2025-11-30T15:37:09.414712,0.2519,-178.19,0.19,0,0
2025-11-30T15:37:09.432711,0.2532,-177.37,-0.84,0,0
2025-11-30T15:37:09.459711,0.2560,-177.71,1.02,0,0
2025-11-30T15:37:09.513711,0.2602,-177.86,2.06,0,1
2025-11-30T15:37:09.564710,0.2753,-177.60,-1.42,0,1
2025-11-30T15:37:09.579712,0.2838,-177.48,-2.86,0,1
2025-11-30T15:37:09.623711,0.2859,-177.34,-4.73,0,1
2025-11-30T15:37:09.641710,0.2913,-177.93,-5.23,0,1
2025-11-30T15:37:09.665711,0.3140,-178.15,-7.32,0,1
2025-11-30T15:37:09.719710,0.3236,178.79,-0.83,1,1
2025-11-30T15:37:09.767710,0.3451,177.77,4.00,1,1
2025-11-30T15:37:09.786711,0.3298,177.58,-4.80,1,1
2025-11-30T15:37:09.813711,0.3482,-179.23,-18.35,0,1
2025-11-30T15:37:09.831713,0.3517,179.91,-14.61,1,1
2025-11-30T15:37:09.871711,0.3757,-174.60,-24.37,1,1
2025-11-30T15:37:09.912711,0.3669,-173.24,-24.17,1,1
2025-11-30T15:37:09.933710,0.3763,-173.62,-23.50,1,1
2025-11-30T15:37:09.965711,0.3721,-171.97,-23.60,1,1
2025-11-30T15:37:10.014712,0.3581,-172.12,-21.58,1,1
2025-11-30T15:37:10.031713,0.3354,-171.69,-17.92,0,1
2025-11-30T15:37:10.128712,0.3539,-171.54,-18.78,0,1
2025-11-30T15:37:10.146711,0.3316,-167.50,-17.65,0,1
2025-11-30T15:37:10.171713,0.3495,-168.54,-16.71,0,1
2025-11-30T15:37:10.191714,0.3572,-169.38,-13.68,0,1
2025-11-30T15:37:10.221711,0.3332,-168.67,-16.07,0,1
2025-11-30T15:37:10.238711,0.3237,-168.87,-11.82,0,1
2025-11-30T15:37:10.262712,0.3466,-169.33,-12.64,0,1
2025-11-30T15:37:10.314713,0.3325,-169.21,-10.21,0,1
2025-11-30T15:37:10.377711,0.3167,-168.63,-10.73,0,1
2025-11-30T15:37:10.394711,0.3334,-169.09,-10.51,0,1
2025-11-30T15:37:10.415711,0.3176,-169.40,-12.20,0,1
2025-11-30T15:37:10.433712,0.3158,-169.17,-10.09,0,1
2025-11-30T15:37:10.462710,0.3403,-168.82,-12.67,0,1
2025-11-30T15:37:10.517729,0.3100,-168.15,-12.04,0,1
2025-11-30T15:37:10.568711,0.2462,-166.63,-11.83,0,1
2025-11-30T15:37:10.591256,0.2425,-167.29,-10.19,0,1
2025-11-30T15:37:10.616257,0.1748,-167.65,-10.92,0,1
2025-11-30T15:37:10.633257,0.1588,-170.45,-3.58,0,0
2025-11-30T15:37:10.667258,0.1365,-168.98,-3.44,0,0
2025-11-30T15:37:10.718256,0.1254,-168.52,1.29,0,0
2025-11-30T15:37:10.734255,0.1325,-169.17,5.10,0,0
2025-11-30T15:37:10.759257,0.1109,-168.54,5.64,0,0
2025-11-30T15:37:10.809268,0.1011,-163.39,5.03,0,0
2025-11-30T15:37:10.857256,0.0780,-161.79,5.11,0,0
2025-11-30T15:37:10.874256,0.0845,-161.99,5.84,0,0
2025-11-30T15:37:10.911255,0.1044,-160.46,5.59,0,0
2025-11-30T15:37:10.962256,0.0823,-161.05,4.31,0,0
2025-11-30T15:37:10.977256,0.0901,-160.09,4.71,0,0
2025-11-30T15:37:11.012257,0.0882,-160.01,3.91,0,0
2025-11-30T15:37:11.061256,0.0907,-158.75,2.60,0,0
2025-11-30T15:37:11.077256,0.0991,-158.59,1.72,0,0
2025-11-30T15:37:11.113258,0.0901,-158.64,1.69,0,0
2025-11-30T15:37:11.163256,0.0819,-158.68,1.14,0,0
2025-11-30T15:37:11.176255,0.0876,-158.79,1.09,0,0
2025-11-30T15:37:11.214256,0.0768,-160.62,1.78,0,0
2025-11-30T15:37:11.230258,0.0782,-159.66,1.61,0,0
2025-11-30T15:37:11.260258,0.0986,-160.31,2.13,0,0
2025-11-30T15:37:11.311256,0.1029,-162.47,1.91,0,0
2025-11-30T15:37:11.362255,0.0771,-162.88,3.98,0,0
2025-11-30T15:37:11.376257,0.0856,-161.93,4.26,0,0
2025-11-30T15:37:11.411257,0.0774,-162.50,5.50,0,0
2025-11-30T15:37:11.429259,0.0950,-161.22,4.33,0,0
2025-11-30T15:37:11.465257,0.0856,-161.43,8.14,0,0
2025-11-30T15:37:11.510256,0.0830,-161.66,10.14,0,0
2025-11-30T15:37:11.526255,0.0896,-161.34,8.82,0,0
2025-11-30T15:37:11.601257,0.0794,-160.25,8.80,0,0
2025-11-30T15:37:11.617256,0.0838,-163.11,1.36,0,0
2025-11-30T15:37:11.632259,0.0889,-161.95,1.45,0,0
2025-11-30T15:37:11.647256,0.0887,-161.30,9.28,0,0
2025-11-30T15:37:11.748258,0.0916,-159.86,-1.09,0,0
2025-11-30T15:37:11.764255,0.0912,-164.54,1.88,0,0
2025-11-30T15:37:11.779256,0.0885,-161.39,6.78,0,0
2025-11-30T15:37:11.793257,0.0976,-161.59,7.73,0,0
2025-11-30T15:37:11.811256,0.0893,-162.00,9.46,0,0
2025-11-30T15:37:11.880256,0.0919,-164.58,11.21,0,0
2025-11-30T15:37:11.909257,0.0924,-166.93,13.39,0,0
2025-11-30T15:37:11.924257,0.0945,-167.77,13.49,0,0
2025-11-30T15:37:11.956258,0.0954,-169.01,13.81,0,0
2025-11-30T15:37:12.012259,0.0862,-171.21,16.36,0,0
2025-11-30T15:37:12.058261,0.0899,-169.31,14.71,0,0
2025-11-30T15:37:12.075256,0.0918,-170.23,15.34,0,0
2025-11-30T15:37:12.109256,0.1006,-171.51,16.90,0,0
2025-11-30T15:37:12.163257,0.1097,-171.07,15.34,0,0
2025-11-30T15:37:12.177255,0.0914,-174.19,18.34,0,0
2025-11-30T15:37:12.211258,0.0988,-169.77,15.16,0,0
2025-11-30T15:37:12.262257,0.0828,-171.38,18.95,0,0
2025-11-30T15:37:12.277256,0.0982,-172.09,20.42,1,0
2025-11-30T15:37:12.312261,0.1016,-172.50,22.26,1,0
2025-11-30T15:37:12.358257,0.0963,-172.12,22.91,1,0
2025-11-30T15:37:12.374258,0.1031,-170.93,23.97,1,0
2025-11-30T15:37:12.408255,0.1170,-170.28,24.07,1,0
2025-11-30T15:37:12.458256,0.1141,-170.20,23.84,1,0
2025-11-30T15:37:12.472255,0.1057,-170.38,24.62,1,0
2025-11-30T15:37:12.514257,0.1220,-168.78,23.90,1,0
2025-11-30T15:37:12.994257,0.1079,-167.14,23.92,1,0
2025-11-30T15:37:13.095257,0.1288,-165.95,25.78,1,1
2025-11-30T15:37:13.110256,0.1394,-162.41,26.96,1,1
2025-11-30T15:37:13.126256,0.1047,-161.05,27.38,1,1
2025-11-30T15:37:13.159255,0.1090,-162.32,28.82,1,1
2025-11-30T15:37:13.211256,0.1275,-161.83,28.13,1,1
2025-11-30T15:37:13.262256,0.1121,-161.57,28.97,1,1
2025-11-30T15:37:13.277256,0.1192,-161.62,28.72,1,1
2025-11-30T15:37:13.316255,0.1192,-160.80,27.07,1,1
2025-11-30T15:37:13.356256,0.1114,-161.90,25.86,1,1
2025-11-30T15:37:13.371255,0.1067,-161.67,27.26,1,1
2025-11-30T15:37:13.452256,0.1157,-162.50,25.80,1,1
2025-11-30T15:37:13.468256,0.1125,-162.85,23.21,1,0
2025-11-30T15:37:13.484256,0.1201,-162.46,24.29,1,0
2025-11-30T15:37:13.499255,0.1081,-162.12,23.33,1,0
2025-11-30T15:37:13.558255,0.1280,-161.77,23.61,1,0
2025-11-30T15:37:13.572255,0.1400,-162.63,24.16,1,0
2025-11-30T15:37:13.610256,0.1209,-162.49,24.81,1,0
2025-11-30T15:37:13.658257,0.1237,-162.47,23.47,1,0
2025-11-30T15:37:13.673257,0.1284,-162.10,24.36,1,0
2025-11-30T15:37:13.712256,0.1335,-162.38,24.20,1,0
2025-11-30T15:37:13.759256,0.1386,-161.43,23.48,1,0
2025-11-30T15:37:13.773260,0.1101,-161.21,22.19,1,0
2025-11-30T15:37:13.813257,0.1297,-160.89,23.09,1,0
2025-11-30T15:37:13.871256,0.1334,-161.02,23.09,1,0
2025-11-30T15:37:13.886256,0.1324,-161.80,21.94,1,0
2025-11-30T15:37:13.915256,0.1395,-160.52,22.74,1,0
2025-11-30T15:37:13.932256,0.1191,-161.16,22.05,1,0
2025-11-30T15:37:13.961255,0.1279,-161.53,22.81,1,0
2025-11-30T15:37:14.011256,0.1216,-160.44,22.67,1,0
2025-11-30T15:37:14.065254,0.1105,-160.75,22.70,1,0
2025-11-30T15:37:14.079255,0.1163,-161.73,22.98,1,0
2025-11-30T15:37:14.106256,0.1384,-160.53,22.34,1,0
2025-11-30T15:37:14.119261,0.1207,-161.76,22.69,1,0
2025-11-30T15:37:14.168406,0.1464,-159.65,22.09,1,0
2025-11-30T15:37:14.261408,0.1362,-160.73,21.73,1,0
2025-11-30T15:37:14.275408,0.1454,-161.34,22.03,1,0
2025-11-30T15:37:14.289492,0.1328,-160.17,21.92,1,0
2025-11-30T15:37:14.303409,0.1403,-160.29,21.73,1,0
2025-11-30T15:37:14.358437,0.1454,-161.57,21.64,1,0
2025-11-30T15:37:14.373407,0.1416,-161.98,21.33,1,0
2025-11-30T15:37:14.407408,0.1364,-161.25,21.69,1,0
2025-11-30T15:37:14.458445,0.1415,-161.09,21.05,1,0
2025-11-30T15:37:14.473407,0.1449,-161.70,20.71,1,0
2025-11-30T15:37:14.509436,0.1305,-162.21,22.26,1,0
2025-11-30T15:37:14.560407,0.1519,-161.60,21.38,1,0
2025-11-30T15:37:14.576435,0.1564,-162.34,21.37,1,0
2025-11-30T15:37:14.610408,0.1680,-163.40,21.04,1,0
2025-11-30T15:37:14.659411,0.1261,-163.34,20.96,1,0
2025-11-30T15:37:14.674408,0.1195,-162.22,21.25,1,0
2025-11-30T15:37:14.713409,0.1036,-163.31,21.00,1,0
2025-11-30T15:37:14.762408,0.1115,-164.37,21.82,1,0
2025-11-30T15:37:14.778409,0.1345,-165.15,23.07,1,0
2025-11-30T15:37:14.813406,0.1151,-164.42,21.03,1,0
2025-11-30T15:37:14.864410,0.1235,-163.75,19.55,0,0
2025-11-30T15:37:14.879407,0.1409,-163.61,20.42,1,0
2025-11-30T15:37:14.915408,0.1656,-162.24,19.77,0,0
2025-11-30T15:37:14.966409,0.1422,-162.22,18.82,0,0
2025-11-30T15:37:14.981410,0.1228,-161.42,19.17,0,0
2025-11-30T15:37:15.007406,0.1204,-162.67,21.00,1,0
2025-11-30T15:37:15.021409,0.1375,-162.08,18.82,0,0
2025-11-30T15:37:15.057408,0.1205,-160.44,21.99,1,0
2025-11-30T15:37:15.106408,0.1321,-161.33,22.42,1,0
2025-11-30T15:37:15.173408,0.1731,-164.48,22.21,1,0
2025-11-30T15:37:15.188407,0.1484,-164.47,20.68,1,0
2025-11-30T15:37:15.207406,0.1560,-165.68,19.34,0,0
2025-11-30T15:37:15.222416,0.1588,-164.81,19.38,0,0
2025-11-30T15:37:15.260408,0.1833,-164.17,23.68,1,0
2025-11-30T15:37:15.315409,0.1808,-163.73,25.08,1,1
2025-11-30T15:37:15.360408,0.1368,-163.53,24.71,1,0
2025-11-30T15:37:15.376408,0.1228,-163.14,24.48,1,0
2025-11-30T15:37:15.431406,0.1111,-162.69,25.81,1,1
2025-11-30T15:37:15.493409,0.1097,-161.74,25.15,1,1
2025-11-30T15:37:15.509407,0.1039,-162.12,25.29,1,1
2025-11-30T15:37:15.534407,0.1029,-163.64,25.50,1,1
2025-11-30T15:37:15.551410,0.0992,-163.49,25.48,1,1
2025-11-30T15:37:15.567408,0.1167,-163.12,25.89,1,1
2025-11-30T15:37:15.582408,0.1134,-161.33,25.99,1,1
2025-11-30T15:37:15.664408,0.1282,-163.56,23.06,1,0
2025-11-30T15:37:15.679409,0.1210,-161.43,24.73,1,0
2025-11-30T15:37:15.712408,0.1308,-163.69,22.24,1,0
2025-11-30T15:37:15.760407,0.1514,-163.41,20.29,1,0
2025-11-30T15:37:15.775407,0.1413,-161.87,22.19,1,0
2025-11-30T15:37:15.806407,0.1729,-161.26,19.29,0,0
2025-11-30T15:37:15.864409,0.1495,-160.82,22.09,1,0
2025-11-30T15:37:15.879410,0.1504,-160.73,22.70,1,0
2025-11-30T15:37:15.910408,0.1320,-161.32,21.59,1,0
2025-11-30T15:37:15.966409,0.1419,-161.48,21.37,1,0
2025-11-30T15:37:15.985409,0.1339,-160.05,21.46,1,0
2025-11-30T15:37:16.012408,0.1014,-161.35,21.46,1,0
2025-11-30T15:37:16.057411,0.0989,-160.89,21.48,1,0
2025-11-30T15:37:16.072408,0.0804,-161.42,22.54,1,0
2025-11-30T15:37:16.114407,0.0961,-160.40,24.75,1,0
2025-11-30T15:37:16.167439,0.0955,-161.21,23.87,1,0
2025-11-30T15:37:16.393408,0.1630,-162.22,15.75,0,0
2025-11-30T15:37:16.408408,0.1071,-154.45,24.78,1,0
2025-11-30T15:37:16.461409,0.1263,-156.20,24.91,1,0
2025-11-30T15:37:16.478407,0.1280,-156.47,24.51,1,0
2025-11-30T15:37:16.512409,0.1301,-155.68,21.43,1,0
2025-11-30T15:37:16.560408,0.1381,-156.05,20.85,1,0
2025-11-30T15:37:16.576408,0.1221,-154.95,21.49,1,0
2025-11-30T15:37:16.612407,0.1440,-155.18,20.26,1,0
2025-11-30T15:37:16.662409,0.1833,-155.32,19.26,0,0
2025-11-30T15:37:16.679409,0.1750,-155.92,19.98,0,0
2025-11-30T15:37:16.727409,0.2041,-152.08,21.38,1,0
2025-11-30T15:37:16.763408,0.2483,-177.90,20.44,1,0
2025-11-30T15:37:16.782407,0.2286,-98.63,0.52,0,0
2025-11-30T15:37:16.918411,0.1716,-94.99,-0.71,0,0
2025-11-30T15:37:17.670407,0.3262,-98.73,-0.21,0,1
2025-11-30T15:37:17.717406,0.1410,-154.13,18.16,0,0
2025-11-30T15:37:17.768407,0.2000,167.11,30.34,1,1
2025-11-30T15:37:17.786407,0.2261,-163.18,21.59,1,0
2025-11-30T15:37:17.814407,0.1883,-165.58,23.29,1,0
2025-11-30T15:37:17.864407,0.1971,-167.50,20.44,1,0
2025-11-30T15:37:17.880407,0.2061,-169.05,24.27,1,0
2025-11-30T15:37:17.953408,0.2006,-171.92,24.96,1,0
2025-11-30T15:37:17.990407,0.2211,-174.92,20.94,1,0
2025-11-30T15:37:18.006408,0.2476,-174.99,25.69,1,1
2025-11-30T15:37:18.024409,0.2528,-173.43,26.78,1,1
2025-11-30T15:37:18.052409,0.2237,-175.81,23.92,1,0
2025-11-30T15:37:18.069407,0.2206,-178.20,22.87,1,0
2025-11-30T15:37:18.087406,0.2252,-177.28,22.22,1,0
2025-11-30T15:37:18.166409,0.1971,-178.33,22.68,1,0
2025-11-30T15:37:18.181408,0.1976,-177.67,22.60,1,0
2025-11-30T15:37:18.207407,0.1785,179.66,23.50,1,1
2025-11-30T15:37:18.260411,0.2031,-174.60,31.20,1,1
2025-11-30T15:37:18.276409,0.2120,179.96,25.66,1,1
2025-11-30T15:37:18.314408,0.2248,179.77,24.32,1,1
2025-11-30T15:37:18.364408,0.2225,178.24,20.94,1,1
2025-11-30T15:37:18.382409,0.2053,178.78,21.79,1,1
2025-11-30T15:37:18.412408,0.2176,-179.14,18.65,0,0
2025-11-30T15:37:18.461409,0.2176,178.73,19.30,1,1
2025-11-30T15:37:18.475408,0.2286,179.09,19.21,1,1
2025-11-30T15:37:18.510407,0.2216,-168.79,32.50,1,1
2025-11-30T15:37:18.564408,0.1880,-171.32,21.45,1,0
2025-11-30T15:37:18.581408,0.1979,-170.30,26.25,1,1
2025-11-30T15:37:18.613407,0.1953,-171.96,25.41,1,1
2025-11-30T15:37:18.661411,0.2180,173.80,23.82,1,1
2025-11-30T15:37:18.677409,0.2315,174.14,22.30,1,1
2025-11-30T15:37:18.712408,0.2070,176.49,26.29,1,1
2025-11-30T15:37:18.764408,0.2146,177.20,25.54,1,1
2025-11-30T15:37:18.780407,0.2172,176.91,25.20,1,1
2025-11-30T15:37:18.812408,0.2166,177.23,22.47,1,1
2025-11-30T15:37:18.862409,0.2004,178.05,17.62,1,1
2025-11-30T15:37:18.878409,0.2004,177.50,21.99,1,1
2025-11-30T15:37:18.913408,0.2125,178.72,20.17,1,1
2025-11-30T15:37:18.965406,0.2239,-179.66,19.28,0,0
2025-11-30T15:37:18.979409,0.2207,179.23,20.25,1,1
2025-11-30T15:37:19.012408,0.2393,-179.58,22.06,1,0
2025-11-30T15:37:19.066408,0.2386,-178.65,21.37,1,0
2025-11-30T15:37:19.082408,0.2452,-179.83,20.88,1,0
2025-11-30T15:37:19.116406,0.2359,-178.24,21.37,1,0
2025-11-30T15:37:19.167407,0.2247,-178.68,19.40,0,0
2025-11-30T15:37:19.182407,0.2283,-179.61,18.56,0,0
2025-11-30T15:37:19.221408,0.2227,-178.66,22.52,1,0
2025-11-30T15:37:19.282409,0.2292,-179.71,21.55,1,0
2025-11-30T15:37:19.298408,0.2277,-178.35,22.22,1,0
2025-11-30T15:37:19.321409,0.2445,-179.58,24.72,1,0
2025-11-30T15:37:19.336407,0.2523,-179.38,25.36,1,1
2025-11-30T15:37:19.371413,0.2147,-179.36,24.22,1,0
2025-11-30T15:37:19.414407,0.2315,-179.96,23.40,1,0
2025-11-30T15:37:19.431412,0.2280,179.79,22.70,1,1
2025-11-30T15:37:19.465411,0.2319,179.07,23.32,1,1
2025-11-30T15:37:19.514408,0.1787,178.94,19.03,1,1
2025-11-30T15:37:19.564408,0.2112,178.37,14.89,1,1
2025-11-30T15:37:19.579410,0.2106,-179.44,15.04,0,0
2025-11-30T15:37:19.609408,0.2084,-178.08,15.70,0,0
2025-11-30T15:37:19.664409,0.2048,-179.89,14.26,0,0
2025-11-30T15:37:19.677407,0.2033,-177.71,14.38,0,0
2025-11-30T15:37:19.709409,0.2065,-178.03,13.59,0,0
2025-11-30T15:37:19.765406,0.1810,-177.31,10.81,0,0
2025-11-30T15:37:19.783409,0.1845,-178.53,11.74,0,0
2025-11-30T15:37:19.816411,0.1594,-175.85,10.31,0,0
2025-11-30T15:37:19.864411,0.1607,-177.63,5.83,0,0
2025-11-30T15:37:19.881407,0.1246,-175.52,8.86,0,0
2025-11-30T15:37:19.905408,0.2012,-176.38,8.07,0,0
2025-11-30T15:37:19.964408,0.2031,-176.99,11.10,0,0
2025-11-30T15:37:19.983407,0.2092,-177.42,11.11,0,0
2025-11-30T15:37:20.015409,0.2017,-177.52,7.90,0,0
2025-11-30T15:37:20.060422,0.2060,-177.54,10.21,0,0
2025-11-30T15:37:20.075406,0.1951,-177.94,9.50,0,0
2025-11-30T15:37:20.112409,0.1893,-177.07,6.53,0,0
2025-11-30T15:37:20.274409,0.1982,-175.19,5.88,0,0
2025-11-30T15:37:20.296409,0.1759,-175.61,4.72,0,0
2025-11-30T15:37:20.316408,0.1646,-174.72,2.53,0,0
2025-11-30T15:37:20.530408,0.1273,-163.80,-1.11,0,0
2025-11-30T15:37:20.545407,0.1290,-163.02,-2.11,0,0
2025-11-30T15:37:20.562409,0.1132,-160.82,-3.69,0,0
2025-11-30T15:37:20.577406,0.1190,-159.71,-3.30,0,0
2025-11-30T15:37:20.593406,0.1193,-160.44,-2.03,0,0
2025-11-30T15:37:20.616408,0.1231,-160.50,-0.86,0,0
2025-11-30T15:37:20.657408,0.1470,-160.15,-3.20,0,0
2025-11-30T15:37:20.671417,0.1378,-159.31,-1.28,0,0
2025-11-30T15:37:20.709408,0.1892,-144.93,2.80,0,0
2025-11-30T15:37:20.762407,0.1974,-160.93,0.13,0,0
2025-11-30T15:37:20.777406,0.2009,-159.26,0.61,0,0
2025-11-30T15:37:20.812409,0.1691,-160.65,3.43,0,0
2025-11-30T15:37:20.868407,0.1854,-157.84,3.80,0,0
2025-11-30T15:37:20.881406,0.1567,-159.32,4.55,0,0
2025-11-30T15:37:20.914408,0.1890,-157.15,3.25,0,0
2025-11-30T15:37:20.986408,0.2132,-157.68,5.60,0,0
2025-11-30T15:37:21.001409,0.1965,-156.70,5.17,0,0
2025-11-30T15:37:21.020410,0.1973,-155.80,5.81,0,0
2025-11-30T15:37:21.034407,0.1958,-156.27,6.03,0,0
2025-11-30T15:37:21.067411,0.1875,-153.48,7.37,0,0
2025-11-30T15:37:21.113408,0.2078,-154.84,6.92,0,0
2025-11-30T15:37:21.190413,0.2071,-145.14,3.73,0,0
2025-11-30T15:37:21.207410,0.2093,-143.93,4.01,0,0
2025-11-30T15:37:21.221408,0.2311,-154.64,7.36,0,0
2025-11-30T15:37:21.236408,0.2162,-143.38,5.24,0,0
2025-11-30T15:37:21.267408,0.2305,-144.58,5.46,0,0
2025-11-30T15:37:21.314410,0.2167,-143.19,4.63,0,0
2025-11-30T15:37:21.366407,0.2213,-142.21,4.84,0,0
2025-11-30T15:37:21.381409,0.2215,-140.82,5.54,0,0
2025-11-30T15:37:21.420413,0.2342,-138.78,6.55,0,0
2025-11-30T15:37:21.461410,0.2256,-137.65,8.02,0,0
2025-11-30T15:37:21.478409,0.2286,-139.66,8.88,0,0
2025-11-30T15:37:21.508407,0.2171,-138.95,9.72,0,0
2025-11-30T15:37:21.559409,0.2159,-136.32,10.80,0,0
2025-11-30T15:37:21.572406,0.2244,-137.66,11.43,0,0
2025-11-30T15:37:21.612410,0.2245,-136.73,12.57,0,0
2025-11-30T15:37:21.660408,0.2214,-135.47,12.96,0,0
2025-11-30T15:37:21.676408,0.2228,-135.73,13.57,0,0
2025-11-30T15:37:21.727407,0.2056,-137.94,15.29,0,0
2025-11-30T15:37:21.780407,0.2350,-134.30,15.80,0,0
2025-11-30T15:37:21.796407,0.2180,-135.59,16.02,0,0
2025-11-30T15:37:21.843406,0.2195,-134.68,18.02,0,0
2025-11-30T15:37:21.861408,0.2234,-133.14,18.25,0,0
2025-11-30T15:37:21.879408,0.2137,-149.84,10.18,0,0
2025-11-30T15:37:21.893407,0.2064,-149.86,10.65,0,0
2025-11-30T15:37:21.916407,0.2177,-151.23,10.36,0,0
2025-11-30T15:37:21.960406,0.2177,-150.98,10.30,0,0
2025-11-30T15:37:22.016407,0.2085,-151.51,11.77,0,0
2025-11-30T15:37:22.061407,0.2182,-151.89,11.35,0,0
2025-11-30T15:37:22.075411,0.2359,-151.65,12.04,0,0
2025-11-30T15:37:22.109408,0.2465,-152.32,11.37,0,0
2025-11-30T15:37:22.158408,0.2532,-152.88,10.35,0,0
2025-11-30T15:37:22.172406,0.2450,-151.70,11.20,0,0
2025-11-30T15:37:22.209407,0.2532,-152.70,12.23,0,0
2025-11-30T15:37:22.261408,0.2437,-152.28,11.43,0,0
2025-11-30T15:37:22.276409,0.2489,-152.46,12.69,0,0
2025-11-30T15:37:22.312407,0.2605,-152.95,10.03,0,1
2025-11-30T15:37:22.358408,0.2537,-153.39,11.43,0,1
2025-11-30T15:37:22.375408,0.2642,-153.13,11.71,0,1
2025-11-30T15:37:22.408407,0.2565,-152.97,12.39,0,1
2025-11-30T15:37:22.462408,0.2512,-152.62,13.06,0,1
2025-11-30T15:37:22.510408,0.2600,-153.68,11.07,0,1
2025-11-30T15:37:22.524422,0.2569,-153.31,11.38,0,1
2025-11-30T15:37:22.562408,0.2471,-153.70,10.23,0,1
2025-11-30T15:37:22.576409,0.2503,-152.97,11.69,0,1
2025-11-30T15:37:22.621501,0.2632,-152.97,11.59,0,1
2025-11-30T15:37:22.666408,0.2583,-152.56,12.01,0,1
2025-11-30T15:37:22.682424,0.2563,-134.59,21.56,1,1
2025-11-30T15:37:22.715409,0.2433,-133.07,20.79,1,1
2025-11-30T15:37:22.758410,0.2546,-153.51,10.21,0,1
2025-11-30T15:37:22.774409,0.2545,-134.10,21.99,1,1
2025-11-30T15:37:22.812407,0.2403,-151.87,11.50,0,0
2025-11-30T15:37:22.858408,0.2507,-152.35,12.04,0,0
2025-11-30T15:37:22.874407,0.2490,-132.20,21.45,1,0
2025-11-30T15:37:22.910409,0.2494,-151.62,12.88,0,0
2025-11-30T15:37:23.549411,0.2339,-151.19,12.80,0,0
2025-11-30T15:37:23.568408,0.2466,-151.70,11.52,0,0
2025-11-30T15:37:23.607407,0.2434,-151.22,11.49,0,0
2025-11-30T15:37:23.663406,0.2476,-150.41,12.81,0,0
2025-11-30T15:37:23.713411,0.2383,-150.68,13.27,0,0
2025-11-30T15:37:23.728408,0.2231,-151.33,11.93,0,0
2025-11-30T15:37:23.760408,0.2504,-151.34,11.75,0,0
2025-11-30T15:37:23.775408,0.2509,-151.06,11.97,0,0
2025-11-30T15:37:23.811410,0.2560,-151.07,11.47,0,0
2025-11-30T15:37:23.857408,0.2596,-150.97,12.63,0,0
2025-11-30T15:37:23.872408,0.2498,-150.24,12.69,0,1
2025-11-30T15:37:23.914411,0.2511,-149.96,13.66,0,1
2025-11-30T15:37:23.965407,0.2602,-151.07,13.22,0,1
2025-11-30T15:37:23.978407,0.2654,-150.21,12.98,0,1
2025-11-30T15:37:24.003410,0.2509,-151.62,12.45,0,1
2025-11-30T15:37:24.373407,0.2505,-149.88,13.28,0,1
2025-11-30T15:37:24.391408,0.2357,-151.21,12.80,0,1
2025-11-30T15:37:24.409407,0.2621,-150.27,13.22,0,1
2025-11-30T15:37:24.426409,0.2584,-151.07,12.85,0,1
2025-11-30T15:37:24.530407,0.2506,-152.39,12.03,0,1
2025-11-30T15:37:24.545408,0.2681,-150.71,12.40,0,1
2025-11-30T15:37:24.562408,0.2408,-150.34,11.98,0,1
2025-11-30T15:37:24.577408,0.2376,-150.80,13.54,0,1
2025-11-30T15:37:24.613408,0.2516,-150.32,12.58,0,0
2025-11-30T15:37:24.659409,0.2487,-150.09,12.47,0,0
2025-11-30T15:37:24.674409,0.2632,-149.83,12.22,0,0
2025-11-30T15:37:24.715408,0.2668,-150.64,13.09,0,1
2025-11-30T15:37:24.759407,0.2598,-149.66,13.41,0,1
2025-11-30T15:37:24.773415,0.2524,-150.48,12.52,0,1
2025-11-30T15:37:24.810409,0.2619,-129.87,22.82,1,1
2025-11-30T15:37:24.859409,0.2704,-151.29,14.56,0,1
2025-11-30T15:37:24.910407,0.2709,-131.09,21.71,1,1
2025-11-30T15:37:24.925409,0.2695,-130.12,22.89,1,1
2025-11-30T15:37:24.960408,0.2646,-151.11,14.94,0,1
2025-11-30T15:37:24.976412,0.2736,-151.58,14.30,0,1
2025-11-30T15:37:25.012409,0.2664,-132.97,23.71,1,1
2025-11-30T15:37:25.060408,0.2854,-133.63,23.90,1,1
2025-11-30T15:37:25.075407,0.2665,-134.35,22.72,1,1
2025-11-30T15:37:25.108407,0.2813,-151.36,14.22,0,1
2025-11-30T15:37:25.161408,0.2756,-151.08,14.49,0,1
2025-11-30T15:37:25.207409,0.2663,-151.52,13.52,0,1
2025-11-30T15:37:25.225407,0.2792,-136.53,22.24,1,1
2025-11-30T15:37:25.257408,0.1169,-152.14,12.23,0,0
2025-11-30T15:37:25.322410,0.1127,-138.05,20.07,1,0
2025-11-30T15:37:25.336408,0.1269,-151.30,11.41,0,0
2025-11-30T15:37:25.362407,0.1246,-150.68,11.26,0,0
2025-11-30T15:37:25.379408,0.1231,-151.03,10.82,0,0
2025-11-30T15:37:25.411408,0.1358,-151.11,12.39,0,0
2025-11-30T15:37:25.455407,0.1694,-152.16,12.82,0,0
2025-11-30T15:37:25.470409,0.1669,-151.62,12.73,0,0
2025-11-30T15:37:25.508407,0.1911,-141.48,21.42,1,0
2025-11-30T15:37:25.566407,0.2077,-152.67,13.91,0,0
2025-11-30T15:37:25.632407,0.2054,-152.85,13.62,0,0
2025-11-30T15:37:25.645407,0.2150,-153.25,13.26,0,0
2025-11-30T15:37:25.670409,0.2263,-142.65,20.11,1,0
2025-11-30T15:37:25.686407,0.2083,-153.31,13.31,0,0
2025-11-30T15:37:25.733409,0.2045,-152.42,12.22,0,0
2025-11-30T15:37:25.853408,0.1971,-151.77,12.70,0,0
2025-11-30T15:37:25.868407,0.2162,-143.77,19.27,0,0
2025-11-30T15:37:25.884409,0.2212,-147.14,19.31,0,0
2025-11-30T15:37:25.898408,0.2280,-152.85,11.85,0,0
2025-11-30T15:37:25.913409,0.2191,-145.49,18.93,0,0
2025-11-30T15:37:25.929407,0.2186,-146.15,18.72,0,0
2025-11-30T15:37:25.956408,0.2020,-143.35,17.61,0,0
2025-11-30T15:37:26.008407,0.2047,-145.67,18.33,0,0
2025-11-30T15:37:26.024409,0.2243,-154.18,12.58,0,0
2025-11-30T15:37:26.056407,0.2008,-153.62,11.91,0,0
2025-11-30T15:37:26.111410,0.2111,-147.05,19.13,0,0
2025-11-30T15:37:26.126408,0.2115,-146.16,18.31,0,0
2025-11-30T15:37:26.166406,0.1948,-143.83,17.91,0,0
2025-11-30T15:37:26.180408,0.1953,-153.40,11.32,0,0
2025-11-30T15:37:26.220409,0.1921,-146.33,17.89,0,0
2025-11-30T15:37:26.267409,0.2092,-153.36,10.50,0,0
2025-11-30T15:37:26.281405,0.1958,-153.72,10.67,0,0
2025-11-30T15:37:26.314408,0.1938,-143.82,17.13,0,0
2025-11-30T15:37:26.364407,0.1998,-144.54,16.73,0,0
2025-11-30T15:37:26.380408,0.1958,-143.38,16.67,0,0
2025-11-30T15:37:26.416408,0.2198,-144.58,16.41,0,0
2025-11-30T15:37:26.462408,0.2108,-144.51,16.38,0,0
2025-11-30T15:37:26.477409,0.1930,-153.31,10.57,0,0
2025-11-30T15:37:26.517407,0.2169,-154.28,10.15,0,0
2025-11-30T15:37:26.562408,0.2025,-153.95,11.43,0,0
2025-11-30T15:37:26.578408,0.2118,-154.12,11.23,0,0
2025-11-30T15:37:26.617409,0.2211,-149.77,16.89,0,0
2025-11-30T15:37:26.662407,0.1825,-156.17,11.13,0,0
2025-11-30T15:37:26.676410,0.1530,-155.94,11.58,0,0
2025-11-30T15:37:26.716409,0.2247,-159.65,10.26,0,0
2025-11-30T15:37:26.765407,0.3153,-160.44,7.13,0,0
2025-11-30T15:37:26.779408,0.3100,-162.26,7.56,0,0
2025-11-30T15:37:26.813407,0.3667,-163.51,0.77,0,1
2025-11-30T15:37:26.861408,0.3689,-165.41,-4.82,0,1
2025-11-30T15:37:26.876408,0.3732,-166.28,0.22,0,1
2025-11-30T15:37:26.916408,0.3575,-166.30,-4.62,0,1
2025-11-30T15:37:26.966408,0.3750,-166.71,-9.02,0,1
2025-11-30T15:37:26.980408,0.3776,-168.13,-4.58,0,1
2025-11-30T15:37:27.014408,0.3810,-165.90,-12.37,0,1
2025-11-30T15:37:27.060408,0.3924,-165.26,-12.80,0,1
2025-11-30T15:37:27.076408,0.4166,-168.03,-10.10,0,1
2025-11-30T15:37:27.115408,0.3894,-167.41,-10.31,0,1
2025-11-30T15:37:27.167417,0.3920,-169.05,-11.33,0,1
2025-11-30T15:37:27.185409,0.3727,-169.13,-11.54,0,1
2025-11-30T15:37:27.213409,0.3817,-168.15,-12.64,0,1
2025-11-30T15:37:27.259407,0.3846,-170.12,-11.90,0,1
2025-11-30T15:37:27.274408,0.4038,-169.63,-12.79,0,1
2025-11-30T15:37:27.313407,0.3853,-170.76,-13.42,0,1
2025-11-30T15:37:27.373410,0.3781,-172.13,-14.10,0,1
2025-11-30T15:37:27.390408,0.4012,-171.80,-12.56,0,1
2025-11-30T15:37:27.413408,0.3914,-172.29,-13.67,0,1
2025-11-30T15:37:27.461408,0.3651,-171.50,-10.71,0,1
2025-11-30T15:37:27.477408,0.3458,-171.75,-12.71,0,1
2025-11-30T15:37:27.513407,0.3706,-171.39,-14.02,0,1
2025-11-30T15:37:27.565409,0.3733,-171.36,-14.15,0,1
2025-11-30T15:37:27.581407,0.3615,-171.02,-14.49,0,1
2025-11-30T15:37:27.614408,0.3708,-171.64,-12.89,0,1
2025-11-30T15:37:27.667407,0.3810,-170.67,-13.59,0,1
2025-11-30T15:37:27.683407,0.3605,-171.12,-12.58,0,1
2025-11-30T15:37:27.717406,0.3612,-171.21,-13.69,0,1
2025-11-30T15:37:27.769407,0.3645,-172.13,-12.00,0,1
2025-11-30T15:37:27.785427,0.3508,-170.92,-14.77,0,1
2025-11-30T15:37:27.811409,0.3638,-171.17,-12.62,0,1
2025-11-30T15:37:27.860407,0.3537,-170.69,-12.90,0,1
2025-11-30T15:37:27.923410,0.3742,-172.34,-11.32,0,1
2025-11-30T15:37:27.942410,0.3717,-170.30,-13.91,0,1
2025-11-30T15:37:27.961410,0.3542,-171.49,-12.18,0,1
2025-11-30T15:37:27.978409,0.3726,-170.01,-14.41,0,1
2025-11-30T15:37:28.010412,0.3663,-171.22,-11.89,0,1
2025-11-30T15:37:28.059409,0.3699,-171.93,-10.58,0,1
2025-11-30T15:37:28.111408,0.3625,-172.65,-10.56,0,1
2025-11-30T15:37:28.127408,0.3631,-171.28,-11.69,0,1
2025-11-30T15:37:28.192407,0.3610,-172.48,-8.84,0,1
2025-11-30T15:37:28.232421,0.3641,-171.14,-10.36,0,1
2025-11-30T15:37:28.251424,0.3573,-170.49,-12.35,0,1
2025-11-30T15:37:28.269406,0.3648,-170.89,-11.89,0,1
2025-11-30T15:37:28.297408,0.3633,-169.77,-14.17,0,1
2025-11-30T15:37:28.321409,0.3564,-167.96,-17.20,0,1
2025-11-30T15:37:28.337410,0.3307,-169.14,-16.34,0,1
2025-11-30T15:37:28.357407,0.3602,-168.27,-19.73,0,1
2025-11-30T15:37:28.407408,0.3516,-167.92,-18.76,0,1
2025-11-30T15:37:28.456408,0.3672,-168.94,-18.15,0,1
2025-11-30T15:37:28.506406,0.3645,-167.08,-18.33,0,1
2025-11-30T15:37:28.522412,0.3543,-168.21,-16.90,0,1
2025-11-30T15:37:28.560407,0.3505,-168.15,-17.33,0,1
2025-11-30T15:37:28.612408,0.3375,-166.56,-21.45,1,1
2025-11-30T15:37:28.630409,0.3637,-168.08,-19.29,0,1
2025-11-30T15:37:28.663408,0.3381,-167.73,-18.73,0,1
2025-11-30T15:37:28.713408,0.2732,-168.01,-13.59,0,1
2025-11-30T15:37:28.729407,0.2891,-169.24,-14.63,0,1
2025-11-30T15:37:28.760409,0.2626,-166.10,-14.10,0,1
2025-11-30T15:37:28.807406,0.2228,-165.94,-4.32,0,1
2025-11-30T15:37:28.822408,0.2163,-166.14,-7.42,0,1
2025-11-30T15:37:28.861408,0.2083,-166.47,3.81,0,0
2025-11-30T15:37:28.908409,0.1874,-165.22,9.03,0,0
2025-11-30T15:37:28.922407,0.1700,-164.48,8.71,0,0
2025-11-30T15:37:28.963408,0.1725,-164.03,12.24,0,0
2025-11-30T15:37:29.007407,0.1600,-161.63,13.52,0,0
2025-11-30T15:37:29.023410,0.1708,-162.59,13.78,0,0
2025-11-30T15:37:29.055408,0.1895,-161.65,13.93,0,0
2025-11-30T15:37:29.112411,0.1995,-161.78,13.67,0,0
2025-11-30T15:37:29.128409,0.1972,-162.08,13.93,0,0
2025-11-30T15:37:29.161408,0.1461,-163.37,14.01,0,0
2025-11-30T15:37:29.212406,0.0915,-165.56,11.27,0,0
2025-11-30T15:37:29.226406,0.0823,-165.63,12.88,0,0
2025-11-30T15:37:29.262406,0.2679,-166.34,13.62,0,0
2025-11-30T15:37:29.313410,0.3279,-167.61,10.79,0,0
2025-11-30T15:37:29.328408,0.3246,-167.64,11.63,0,0
2025-11-30T15:37:29.363408,0.3534,-167.95,8.68,0,1
2025-11-30T15:37:29.418409,0.3724,-168.58,5.39,0,1
2025-11-30T15:37:29.434408,0.3497,-168.95,4.29,0,1
2025-11-30T15:37:29.463408,0.3620,-169.78,4.07,0,1
2025-11-30T15:37:29.481408,0.3680,-169.49,2.91,0,1
2025-11-30T15:37:29.524408,0.3651,-169.70,0.58,0,1
2025-11-30T15:37:29.588410,0.3622,-168.71,-0.53,0,1
2025-11-30T15:37:29.605408,0.3790,-168.95,0.08,0,1
2025-11-30T15:37:29.621406,0.3783,-168.90,-2.16,0,1
2025-11-30T15:37:29.636407,0.3578,-168.49,-2.59,0,1
2025-11-30T15:37:29.665407,0.3633,-169.54,0.78,0,1
2025-11-30T15:37:29.716409,0.3564,-169.75,-0.84,0,1
2025-11-30T15:37:29.766409,0.3645,-169.93,-3.92,0,1
2025-11-30T15:37:29.807408,0.3559,-170.01,-0.20,0,1
2025-11-30T15:37:29.821406,0.3634,-170.51,-2.40,0,1
2025-11-30T15:37:29.870408,0.3562,-170.40,2.30,0,1
2025-11-30T15:37:29.929408,0.3549,-171.13,1.91,0,1
2025-11-30T15:37:29.944422,0.3506,-170.52,-1.30,0,1
2025-11-30T15:37:29.962409,0.3432,-171.00,7.34,0,1
2025-11-30T15:37:29.980408,0.3467,-170.22,7.19,0,1
2025-11-30T15:37:30.026406,0.3614,-171.38,16.56,0,1
2025-11-30T15:37:30.063407,0.3729,-169.01,20.22,1,1
2025-11-30T15:37:30.114408,0.4009,-169.56,24.67,1,1
2025-11-30T15:37:30.129408,0.3864,-169.50,23.95,1,1
2025-11-30T15:37:30.167407,0.4359,-168.74,29.13,1,1
2025-11-30T15:37:30.213408,0.4084,-169.56,31.78,1,1
2025-11-30T15:37:30.228410,0.3933,-169.18,32.15,1,1
2025-11-30T15:37:30.263406,0.4213,-169.96,33.84,1,1
2025-11-30T15:37:30.310409,0.4111,-170.69,35.62,1,1
2025-11-30T15:37:30.325408,0.4214,-171.09,35.10,1,1
2025-11-30T15:37:30.357408,0.4149,177.26,42.57,1,1
2025-11-30T15:37:30.409406,0.4210,-170.37,35.34,1,1
2025-11-30T15:37:30.424419,0.4101,-171.11,34.11,1,1
2025-11-30T15:37:30.466407,0.3931,-171.22,33.59,1,1
2025-11-30T15:37:30.513409,0.3837,-171.15,29.93,1,1
2025-11-30T15:37:30.529408,0.3786,-170.04,29.52,1,1
2025-11-30T15:37:30.560406,0.3734,-171.73,24.61,1,1
2025-11-30T15:37:30.619409,0.3548,-171.42,16.62,0,1
2025-11-30T15:37:30.634410,0.3559,-171.40,17.10,0,1
2025-11-30T15:37:30.690408,0.3474,-171.31,0.12,0,1
2025-11-30T15:37:30.705407,0.3449,-170.91,5.88,0,1
2025-11-30T15:37:30.753408,0.3613,-171.15,-9.48,0,1
2025-11-30T15:37:30.770409,0.3714,-172.20,-8.60,0,1
2025-11-30T15:37:30.807407,0.3585,-171.55,-15.19,0,1
2025-11-30T15:37:30.824410,0.3572,-172.18,-14.41,0,1
2025-11-30T15:37:30.842408,0.3592,-171.57,-18.82,0,1
2025-11-30T15:37:30.863409,0.3436,-172.58,-21.64,1,1
2025-11-30T15:37:30.909409,0.3739,-172.85,-24.93,1,1
2025-11-30T15:37:30.964408,0.3833,-173.77,-26.32,1,1
2025-11-30T15:37:31.012408,0.4205,-173.14,-30.41,1,1
2025-11-30T15:37:31.028409,0.4149,174.02,-49.28,1,1
2025-11-30T15:37:31.065408,0.4415,171.55,-52.52,1,1
2025-11-30T15:37:31.112407,0.5058,-173.87,-36.52,1,1
2025-11-30T15:37:31.128408,0.4398,-172.54,-36.09,1,1
2025-11-30T15:37:31.162410,0.4658,-172.92,-39.19,1,1
2025-11-30T15:37:31.212406,0.4980,166.49,-61.22,1,1
2025-11-30T15:37:31.228407,0.4984,166.60,-60.32,1,1
2025-11-30T15:37:31.258410,0.4750,-176.61,-40.06,1,1
2025-11-30T15:37:31.308409,0.4733,167.56,-61.42,1,1
2025-11-30T15:37:31.322408,0.5043,166.79,-61.24,1,1
2025-11-30T15:37:31.364409,0.4967,169.97,-59.27,1,1
2025-11-30T15:37:31.415407,0.4680,172.07,-57.57,1,1
2025-11-30T15:37:31.432406,0.4616,172.39,-57.58,1,1
2025-11-30T15:37:31.462408,0.4325,-172.14,-34.41,1,1
2025-11-30T15:37:31.509424,0.4131,-171.52,-30.71,1,1
2025-11-30T15:37:31.523406,0.4117,-172.31,-31.15,1,1
2025-11-30T15:37:31.559407,0.3722,-171.74,-25.96,1,1
2025-11-30T15:37:31.609408,0.3457,-170.36,-21.26,1,1
2025-11-30T15:37:31.626409,0.3434,-171.27,-18.19,0,1
2025-11-30T15:37:31.659410,0.3382,-172.15,-6.49,0,1
2025-11-30T15:37:31.713409,0.3392,-173.39,9.79,0,1
2025-11-30T15:37:31.730409,0.3480,-173.54,10.12,0,1
2025-11-30T15:37:31.765410,0.3442,-172.30,16.90,0,1
2025-11-30T15:37:31.814407,0.3761,-172.60,24.22,1,1
2025-11-30T15:37:31.832409,0.3900,-172.22,25.44,1,1
2025-11-30T15:37:31.866409,0.4043,-171.48,28.47,1,1
2025-11-30T15:37:31.917409,0.4192,-170.87,31.84,1,1
2025-11-30T15:37:31.933408,0.4330,-170.96,32.41,1,1
2025-11-30T15:37:31.980407,0.4106,-171.32,34.23,1,1
2025-11-30T15:37:31.996409,0.4047,-171.86,34.50,1,1
2025-11-30T15:37:32.108410,0.4129,-172.64,35.17,1,1
2025-11-30T15:37:32.144408,0.4006,-173.04,35.74,1,1
2025-11-30T15:37:32.165408,0.4127,-173.28,35.47,1,1
2025-11-30T15:37:32.179409,0.4146,-172.72,35.62,1,1
2025-11-30T15:37:32.195408,0.4055,-173.09,35.71,1,1
2025-11-30T15:37:32.210407,0.4415,173.64,40.71,1,1
2025-11-30T15:37:32.226410,0.4658,173.28,41.39,1,1
2025-11-30T15:37:32.263408,0.4352,173.54,42.89,1,1
2025-11-30T15:37:32.277408,0.4516,173.28,42.48,1,1
2025-11-30T15:37:32.309408,0.4306,173.24,43.84,1,1
2025-11-30T15:37:32.360410,0.4385,172.74,42.55,1,1
2025-11-30T15:37:32.412408,0.4499,171.75,42.72,1,1
2025-11-30T15:37:32.427407,0.4536,171.53,42.86,1,1
2025-11-30T15:37:32.458410,0.4608,172.14,43.08,1,1
2025-11-30T15:37:32.508409,0.4462,172.76,43.46,1,1
2025-11-30T15:37:32.524407,0.4650,172.36,43.25,1,1
2025-11-30T15:37:32.560408,0.4674,173.87,43.40,1,1
2025-11-30T15:37:32.612417,0.4449,-171.37,38.63,1,1
2025-11-30T15:37:32.627423,0.4603,172.77,42.88,1,1
2025-11-30T15:37:32.662406,0.4619,172.68,42.57,1,1
2025-11-30T15:37:32.705408,0.4384,-171.88,38.41,1,1
2025-11-30T15:37:32.722408,0.4486,172.54,42.93,1,1
2025-11-30T15:37:32.764407,0.4710,173.57,42.38,1,1
2025-11-30T15:37:32.809408,0.4441,173.65,42.19,1,1
2025-11-30T15:37:32.823412,0.4571,173.91,42.26,1,1
2025-11-30T15:37:32.865409,0.4328,172.86,40.96,1,1
2025-11-30T15:37:32.910408,0.4492,172.64,41.22,1,1
2025-11-30T15:37:32.926428,0.4371,172.49,41.16,1,1
2025-11-30T15:37:32.957408,0.4343,-171.32,38.09,1,1
2025-11-30T15:37:33.006408,0.4398,173.38,40.59,1,1
2025-11-30T15:37:33.020409,0.4461,173.79,40.44,1,1
2025-11-30T15:37:33.063409,0.4412,-171.40,36.93,1,1
2025-11-30T15:37:33.112406,0.4337,-171.73,37.39,1,1
2025-11-30T15:37:33.127408,0.4506,-171.28,36.47,1,1
2025-11-30T15:37:33.159407,0.4617,-171.77,36.67,1,1
2025-11-30T15:37:33.211409,0.4406,-172.02,36.58,1,1
2025-11-30T15:37:33.226406,0.4354,173.42,39.74,1,1
2025-11-30T15:37:33.262407,0.4277,173.47,39.82,1,1
2025-11-30T15:37:33.323407,0.4472,-172.88,38.70,1,1
2025-11-30T15:37:33.337408,0.4366,-172.37,38.07,1,1
2025-11-30T15:37:33.364408,0.4350,172.76,41.74,1,1
2025-11-30T15:37:33.378406,0.4399,173.72,40.90,1,1
2025-11-30T15:37:33.414410,0.4533,173.20,41.34,1,1
2025-11-30T15:37:33.463411,0.4535,173.66,41.76,1,1
2025-11-30T15:37:33.517406,0.4311,174.22,41.81,1,1
2025-11-30T15:37:33.532407,0.4431,173.64,41.93,1,1
2025-11-30T15:37:33.561407,0.4323,173.70,41.56,1,1
2025-11-30T15:37:33.609406,0.4128,174.18,40.98,1,1
2025-11-30T15:37:33.625409,0.4442,173.17,41.98,1,1
2025-11-30T15:37:33.658408,0.3996,172.37,40.92,1,1
2025-11-30T15:37:33.708408,0.4033,173.19,40.87,1,1
2025-11-30T15:37:33.725409,0.4074,172.26,41.15,1,1
2025-11-30T15:37:33.758408,0.3968,171.89,41.02,1,1
2025-11-30T15:37:33.824410,0.4148,171.54,41.29,1,1
2025-11-30T15:37:33.839406,0.4071,-174.53,38.85,1,1
2025-11-30T15:37:33.857409,0.4015,172.13,40.91,1,1
2025-11-30T15:37:33.873407,0.4083,172.44,40.72,1,1
2025-11-30T15:37:33.915408,0.4022,-174.68,37.21,1,1
2025-11-30T15:37:33.965408,0.4030,-175.63,37.13,1,1
2025-11-30T15:37:34.022409,0.4070,-175.79,36.10,1,1
2025-11-30T15:37:34.039412,0.4077,-174.65,37.88,1,1
2025-11-30T15:37:34.068408,0.4219,-176.02,36.03,1,1
2025-11-30T15:37:34.084407,0.4146,-176.16,36.34,1,1
2025-11-30T15:37:34.108407,0.4071,-176.29,36.24,1,1
2025-11-30T15:37:34.159410,0.4178,-175.21,37.11,1,1
2025-11-30T15:37:34.211413,0.4062,-176.61,37.09,1,1
2025-11-30T15:37:34.226408,0.4093,-175.80,36.11,1,1
2025-11-30T15:37:34.256408,0.4038,-176.01,37.18,1,1
2025-11-30T15:37:34.303408,0.4047,-175.52,37.06,1,1
2025-11-30T15:37:34.319408,0.4105,-176.24,37.43,1,1
2025-11-30T15:37:34.365407,0.4043,-175.04,36.12,1,1
2025-11-30T15:37:34.406410,0.4033,-176.33,37.06,1,1
2025-11-30T15:37:34.422408,0.4180,-175.94,37.10,1,1
2025-11-30T15:37:34.465408,0.3965,-175.26,37.03,1,1
2025-11-30T15:37:34.542407,0.4182,-174.77,36.85,1,1
2025-11-30T15:37:34.558409,0.4040,-176.65,36.32,1,1
2025-11-30T15:37:34.581408,0.4171,-175.03,37.11,1,1
2025-11-30T15:37:34.598408,0.4090,-176.00,37.14,1,1
2025-11-30T15:37:34.642410,0.4126,-176.19,37.09,1,1
2025-11-30T15:37:34.663408,0.4244,-174.93,37.53,1,1
2025-11-30T15:37:34.681407,0.3995,-176.72,36.30,1,1
2025-11-30T15:37:34.716408,0.4182,-176.02,37.15,1,1
2025-11-30T15:37:34.758408,0.4068,-176.39,37.33,1,1
2025-11-30T15:37:34.807407,0.4007,-175.23,39.28,1,1
2025-11-30T15:37:34.822407,0.4200,-175.09,38.85,1,1
2025-11-30T15:37:34.858408,0.4273,169.73,43.77,1,1
2025-11-30T15:37:34.918410,0.4427,-173.31,44.45,1,1
2025-11-30T15:37:34.932408,0.4319,-174.24,42.37,1,1
2025-11-30T15:37:34.959408,0.4459,-173.94,44.69,1,1
2025-11-30T15:37:35.006409,0.4358,-172.78,46.22,1,1
2025-11-30T15:37:35.021406,0.4216,-173.42,44.99,1,1
2025-11-30T15:37:35.063407,0.4333,169.52,48.28,1,1
2025-11-30T15:37:35.117407,0.4185,-173.47,45.64,1,1
2025-11-30T15:37:35.134407,0.4122,-173.12,45.33,1,1
2025-11-30T15:37:35.160406,0.4121,-172.31,45.36,1,1
2025-11-30T15:37:35.208408,0.4311,168.49,47.91,1,1
2025-11-30T15:37:35.223409,0.4251,-173.22,44.98,1,1
2025-11-30T15:37:35.261407,0.4232,-173.37,44.77,1,1
2025-11-30T15:37:35.308409,0.4288,-173.30,44.43,1,1
2025-11-30T15:37:35.322408,0.4196,169.30,47.99,1,1
2025-11-30T15:37:35.360407,0.4303,-173.53,44.65,1,1
2025-11-30T15:37:35.412408,0.4258,169.14,47.36,1,1
2025-11-30T15:37:35.428408,0.4437,-173.59,45.09,1,1
2025-11-30T15:37:35.463407,0.4279,169.04,47.19,1,1
2025-11-30T15:37:35.514410,0.4406,-173.56,43.35,1,1
2025-11-30T15:37:35.529408,0.4569,-173.38,45.17,1,1
2025-11-30T15:37:35.559408,0.4214,-172.52,42.87,1,1
2025-11-30T15:37:35.605410,0.4582,-173.77,44.22,1,1
2025-11-30T15:37:35.620408,0.4237,169.29,46.77,1,1
2025-11-30T15:37:35.661409,0.4424,-172.75,43.66,1,1
2025-11-30T15:37:35.711408,0.4153,169.04,46.28,1,1
2025-11-30T15:37:35.726408,0.4218,-173.41,43.65,1,1
2025-11-30T15:37:35.768409,0.4194,-174.06,41.81,1,1
2025-11-30T15:37:35.810408,0.4356,-173.46,41.98,1,1
2025-11-30T15:37:35.826408,0.4372,-172.65,43.47,1,1
2025-11-30T15:37:35.872408,0.4426,169.15,44.50,1,1
2025-11-30T15:37:35.911407,0.4405,-173.08,42.69,1,1
2025-11-30T15:37:35.927409,0.4533,168.98,44.80,1,1
2025-11-30T15:37:35.961409,0.4445,-171.94,41.75,1,1
2025-11-30T15:37:36.027408,0.4158,-172.58,40.35,1,1
2025-11-30T15:37:36.043409,0.4248,-171.49,42.34,1,1
2025-11-30T15:37:36.066409,0.4285,-173.84,40.56,1,1
2025-11-30T15:37:36.083410,0.4223,170.25,43.82,1,1
2025-11-30T15:37:36.118409,0.4218,-172.27,41.96,1,1
2025-11-30T15:37:36.166408,0.4245,170.03,45.03,1,1
2025-11-30T15:37:36.216408,0.4234,170.37,44.58,1,1
2025-11-30T15:37:36.230409,0.4241,169.56,44.49,1,1
2025-11-30T15:37:36.269408,0.4135,-174.64,40.25,1,1
2025-11-30T15:37:36.321408,0.4100,-173.96,40.33,1,1
2025-11-30T15:37:36.339408,0.4082,-173.61,40.46,1,1
2025-11-30T15:37:36.394410,0.4353,-170.13,42.45,1,1
2025-11-30T15:37:36.408407,0.4172,-170.36,42.52,1,1
2025-11-30T15:37:36.423408,0.4021,-172.92,41.23,1,1
2025-11-30T15:37:36.438409,0.4243,171.70,43.49,1,1
2025-11-30T15:37:36.510410,0.4158,-172.08,41.93,1,1
2025-11-30T15:37:36.529409,0.4414,-171.17,41.48,1,1
2025-11-30T15:37:36.560409,0.4367,171.56,42.55,1,1
2025-11-30T15:37:36.608409,0.4224,-171.31,41.30,1,1
2025-11-30T15:37:36.623408,0.3962,-172.80,40.59,1,1
2025-11-30T15:37:36.662409,0.4078,-172.55,40.36,1,1
2025-11-30T15:37:36.712411,0.4200,-174.81,39.10,1,1
2025-11-30T15:37:36.730409,0.4053,170.75,42.42,1,1
2025-11-30T15:37:36.765408,0.4486,-171.51,41.28,1,1
2025-11-30T15:37:36.814408,0.4209,-172.06,41.12,1,1
2025-11-30T15:37:36.828410,0.4097,171.13,43.49,1,1
2025-11-30T15:37:36.862407,0.4515,172.06,42.33,1,1
2025-11-30T15:37:36.909408,0.4039,171.67,41.99,1,1
2025-11-30T15:37:36.925407,0.4179,172.15,42.25,1,1
2025-11-30T15:37:36.962408,0.4073,172.34,41.51,1,1
2025-11-30T15:37:37.039407,0.4200,-171.16,40.13,1,1
2025-11-30T15:37:37.057409,0.4251,171.65,42.25,1,1
2025-11-30T15:37:37.075408,0.4535,173.13,41.54,1,1
2025-11-30T15:37:37.090408,0.4324,-171.84,39.39,1,1
2025-11-30T15:37:37.139409,0.4167,171.81,41.81,1,1
2025-11-30T15:37:37.165408,0.4237,172.45,41.14,1,1
2025-11-30T15:37:37.180409,0.4161,171.99,41.59,1,1
2025-11-30T15:37:37.213410,0.4080,171.35,41.32,1,1
2025-11-30T15:37:37.261407,0.4196,170.81,42.32,1,1
2025-11-30T15:37:37.306408,0.4280,171.22,41.62,1,1
2025-11-30T15:37:37.319408,0.4223,170.99,40.67,1,1
2025-11-30T15:37:37.363421,0.4332,170.93,41.04,1,1
2025-11-30T15:37:37.414408,0.4131,-173.76,38.38,1,1
2025-11-30T15:37:37.432410,0.4247,-173.88,38.50,1,1
2025-11-30T15:37:37.463407,0.4197,170.55,40.66,1,1
2025-11-30T15:37:37.516408,0.4250,170.71,41.04,1,1
2025-11-30T15:37:37.531408,0.4054,169.83,41.12,1,1
2025-11-30T15:37:37.560408,0.4087,169.53,40.78,1,1
2025-11-30T15:37:37.612408,0.4054,169.76,41.42,1,1
2025-11-30T15:37:37.628432,0.4134,169.98,40.83,1,1
2025-11-30T15:37:37.661408,0.4081,169.73,41.29,1,1
2025-11-30T15:37:37.709408,0.4093,169.68,40.51,1,1
2025-11-30T15:37:37.725421,0.4184,169.83,41.19,1,1
2025-11-30T15:37:37.766409,0.4057,169.96,40.36,1,1
2025-11-30T15:37:37.815408,0.4119,169.79,41.02,1,1
2025-11-30T15:37:37.830411,0.4090,169.76,40.68,1,1
2025-11-30T15:37:37.858406,0.3942,169.80,41.46,1,1
2025-11-30T15:37:37.914409,0.4034,169.54,40.79,1,1
2025-11-30T15:37:37.930408,0.4057,169.99,41.45,1,1
2025-11-30T15:37:37.965407,0.3957,170.19,40.88,1,1
2025-11-30T15:37:38.009410,0.4005,169.84,40.55,1,1
2025-11-30T15:37:38.023409,0.3882,169.87,40.66,1,1
2025-11-30T15:37:38.063412,0.3948,170.07,40.92,1,1
2025-11-30T15:37:38.112409,0.4007,170.12,40.61,1,1
2025-11-30T15:37:38.127410,0.3971,170.32,40.79,1,1
2025-11-30T15:37:38.163409,0.4042,170.22,39.87,1,1
2025-11-30T15:37:38.214408,0.4300,170.54,40.71,1,1
2025-11-30T15:37:38.231408,0.4136,169.88,40.06,1,1
2025-11-30T15:37:38.265410,0.4259,170.30,40.73,1,1
2025-11-30T15:37:38.330408,0.4172,170.28,40.43,1,1
2025-11-30T15:37:38.345408,0.4079,-174.69,37.11,1,1
2025-11-30T15:37:38.369408,0.4134,170.20,40.30,1,1
2025-11-30T15:37:38.384407,0.4214,-174.11,38.32,1,1
2025-11-30T15:37:38.430408,0.4219,170.19,40.58,1,1
2025-11-30T15:37:38.462407,0.4261,-173.48,38.08,1,1
2025-11-30T15:37:38.477408,0.4178,170.89,40.34,1,1
2025-11-30T15:37:38.514408,0.4294,-173.35,37.39,1,1
2025-11-30T15:37:38.584407,0.4239,171.44,40.08,1,1
2025-11-30T15:37:38.609406,0.4217,170.53,40.24,1,1
2025-11-30T15:37:38.626408,0.4198,-173.77,37.28,1,1
2025-11-30T15:37:38.663408,0.4182,-173.39,38.02,1,1
2025-11-30T15:37:38.715408,0.4084,-173.29,37.62,1,1
2025-11-30T15:37:38.730410,0.4193,171.39,39.64,1,1
2025-11-30T15:37:38.761407,0.4132,169.89,40.21,1,1
2025-11-30T15:37:38.810407,0.4276,169.95,40.12,1,1
2025-11-30T15:37:38.827407,0.4263,-173.95,37.69,1,1
2025-11-30T15:37:38.862407,0.4225,170.37,40.03,1,1
2025-11-30T15:37:38.911410,0.4210,-173.68,37.74,1,1
2025-11-30T15:37:38.926412,0.4112,-173.90,37.78,1,1
2025-11-30T15:37:38.965411,0.4014,170.73,39.96,1,1
2025-11-30T15:37:39.015411,0.4253,171.16,39.84,1,1
2025-11-30T15:37:39.031409,0.4325,-173.29,36.71,1,1
2025-11-30T15:37:39.060408,0.4375,171.27,39.42,1,1
2025-11-30T15:37:39.119409,0.4191,-173.61,36.57,1,1
2025-11-30T15:37:39.135408,0.4235,-172.90,36.42,1,1
2025-11-30T15:37:39.168409,0.4188,170.95,39.86,1,1
2025-11-30T15:37:39.215406,0.4230,-173.39,36.51,1,1
2025-11-30T15:37:39.232408,0.4140,-173.30,36.67,1,1
2025-11-30T15:37:39.264409,0.4239,171.35,39.45,1,1
2025-11-30T15:37:39.313407,0.4183,171.38,39.41,1,1
2025-11-30T15:37:39.328408,0.4325,171.08,40.17,1,1
2025-11-30T15:37:39.364408,0.4326,171.11,39.51,1,1
2025-11-30T15:37:39.411423,0.4381,-173.21,36.75,1,1
2025-11-30T15:37:39.428408,0.4343,171.34,39.23,1,1
2025-11-30T15:37:39.461407,0.4389,171.06,39.64,1,1
2025-11-30T15:37:39.518408,0.4339,171.46,39.14,1,1
2025-11-30T15:37:39.532409,0.4295,171.01,39.65,1,1
2025-11-30T15:37:39.566408,0.4286,171.59,39.46,1,1
2025-11-30T15:37:39.609410,0.4277,-173.49,37.37,1,1
2025-11-30T15:37:39.624408,0.4291,-172.68,37.14,1,1
2025-11-30T15:37:39.660407,0.4436,171.13,39.67,1,1
2025-11-30T15:37:39.710409,0.4120,171.40,39.71,1,1
2025-11-30T15:37:39.725407,0.4126,-172.92,37.17,1,1
2025-11-30T15:37:39.762408,0.4314,-172.59,37.05,1,1
2025-11-30T15:37:39.813409,0.4186,-173.40,37.12,1,1
2025-11-30T15:37:39.836407,0.4197,-173.05,37.25,1,1
2025-11-30T15:37:39.859408,0.4131,171.53,38.69,1,1
2025-11-30T15:37:39.905409,0.4204,-172.72,37.20,1,1
2025-11-30T15:37:39.956408,0.4067,-172.74,37.10,1,1
2025-11-30T15:37:39.973407,0.4262,-172.56,36.93,1,1
2025-11-30T15:37:40.011408,0.4149,170.70,39.49,1,1
2025-11-30T15:37:40.062408,0.4055,-172.72,37.07,1,1
2025-11-30T15:37:40.078408,0.4129,-173.31,36.61,1,1
2025-11-30T15:37:40.111407,0.4089,-173.03,36.85,1,1
2025-11-30T15:37:40.126408,0.4408,171.18,39.11,1,1
2025-11-30T15:37:40.165408,0.4231,170.52,39.56,1,1
2025-11-30T15:37:40.244409,0.4287,170.62,39.15,1,1
2025-11-30T15:37:40.259411,0.4282,-173.24,37.30,1,1
2025-11-30T15:37:40.276407,0.4176,-172.94,37.31,1,1
2025-11-30T15:37:40.292408,0.4187,170.58,39.19,1,1
2025-11-30T15:37:40.316411,0.4179,171.03,39.69,1,1
2025-11-30T15:37:40.367407,0.4164,170.52,39.68,1,1
2025-11-30T15:37:40.408411,0.4383,170.40,39.68,1,1
2025-11-30T15:37:40.425407,0.4437,170.63,39.55,1,1
2025-11-30T15:37:40.460409,0.4140,171.25,39.47,1,1
2025-11-30T15:37:40.520407,0.4198,-173.61,37.66,1,1
2025-11-30T15:37:40.535409,0.4160,-173.14,36.71,1,1
2025-11-30T15:37:40.560408,0.4291,170.55,39.59,1,1
2025-11-30T15:37:40.622408,0.4315,-173.12,37.10,1,1
2025-11-30T15:37:40.638408,0.4225,-172.59,37.07,1,1
2025-11-30T15:37:40.674409,0.4226,170.80,39.74,1,1
2025-11-30T15:37:40.710407,0.4240,-172.20,37.59,1,1
2025-11-30T15:37:40.728408,0.4150,170.35,39.42,1,1
2025-11-30T15:37:40.763410,0.4235,-172.58,37.14,1,1
2025-11-30T15:37:40.812408,0.4073,170.23,39.97,1,1
2025-11-30T15:37:40.830409,0.4000,170.62,39.56,1,1
2025-11-30T15:37:40.891408,0.4338,170.90,39.52,1,1
2025-11-30T15:37:40.931407,0.4205,-172.66,37.43,1,1
2025-11-30T15:37:40.947411,0.4014,-173.27,36.81,1,1
2025-11-30T15:37:40.991411,0.4269,-172.90,37.28,1,1
2025-11-30T15:37:41.007415,0.4188,-172.73,36.99,1,1
2025-11-30T15:37:41.022407,0.4107,169.82,39.93,1,1
2025-11-30T15:37:41.060407,0.4158,170.53,39.36,1,1
2025-11-30T15:37:41.125409,0.4138,170.46,39.43,1,1
2025-11-30T15:37:41.160408,0.4225,-173.22,37.43,1,1
2025-11-30T15:37:41.174407,0.4228,-173.80,37.56,1,1
2025-11-30T15:37:41.214408,0.4226,-173.46,37.63,1,1
2025-11-30T15:37:41.229408,0.4331,169.89,39.92,1,1
2025-11-30T15:37:41.266408,0.4193,-173.69,37.51,1,1
2025-11-30T15:37:41.309408,0.4219,-173.20,37.71,1,1
2025-11-30T15:37:41.325409,0.4200,-172.99,37.66,1,1
2025-11-30T15:37:41.365408,0.4226,-173.38,37.57,1,1
2025-11-30T15:37:41.410409,0.4222,-172.82,37.53,1,1
2025-11-30T15:37:41.425410,0.4125,-172.93,37.46,1,1
2025-11-30T15:37:41.466427,0.4208,170.45,39.50,1,1
2025-11-30T15:37:41.509408,0.4220,170.61,39.30,1,1
2025-11-30T15:37:41.524409,0.4380,-173.48,37.96,1,1
2025-11-30T15:37:41.571410,0.4210,170.16,39.58,1,1
2025-11-30T15:37:41.607408,0.4188,170.08,39.72,1,1
2025-11-30T15:37:41.624408,0.4175,170.11,39.79,1,1
2025-11-30T15:37:41.660408,0.4225,170.14,39.54,1,1
2025-11-30T15:37:41.718408,0.3952,-173.54,38.23,1,1
2025-11-30T15:37:41.735409,0.3893,-173.81,37.78,1,1
2025-11-30T15:37:41.766412,0.4142,-174.05,37.34,1,1
2025-11-30T15:37:41.819409,0.4004,169.50,39.46,1,1
2025-11-30T15:37:41.835409,0.4155,-173.68,37.22,1,1
2025-11-30T15:37:41.863406,0.4160,-172.75,37.53,1,1
2025-11-30T15:37:41.913408,0.3992,170.78,39.33,1,1
2025-11-30T15:37:41.930412,0.3939,-173.53,37.44,1,1
2025-11-30T15:37:41.965409,0.4175,-173.68,37.10,1,1
2025-11-30T15:37:42.014411,0.4039,170.43,39.11,1,1
2025-11-30T15:37:42.029407,0.4321,-173.11,37.74,1,1
2025-11-30T15:37:42.063406,0.4162,169.84,39.71,1,1
2025-11-30T15:37:42.113409,0.4198,169.69,39.95,1,1
2025-11-30T15:37:42.128411,0.4323,170.03,39.37,1,1
2025-11-30T15:37:42.164411,0.4067,-172.39,37.48,1,1
2025-11-30T15:37:42.227408,0.4183,-174.12,37.63,1,1
2025-11-30T15:37:42.241408,0.4183,-173.28,37.06,1,1
2025-11-30T15:37:42.271409,0.4034,169.89,39.63,1,1
2025-11-30T15:37:42.311407,0.4260,-173.84,37.77,1,1
2025-11-30T15:37:42.325408,0.4271,-173.36,37.72,1,1
2025-11-30T15:37:42.365408,0.4258,170.44,38.89,1,1
2025-11-30T15:37:42.414407,0.4113,170.48,39.54,1,1
2025-11-30T15:37:42.429407,0.3989,169.79,39.42,1,1
2025-11-30T15:37:42.464409,0.3989,169.63,39.49,1,1
2025-11-30T15:37:42.516413,0.4143,-173.75,36.99,1,1
2025-11-30T15:37:42.533409,0.4219,-173.79,37.30,1,1
2025-11-30T15:37:42.569409,0.4269,-173.60,37.07,1,1
2025-11-30T15:37:42.607411,0.4305,169.41,39.44,1,1
2025-11-30T15:37:42.623408,0.4303,-174.33,36.98,1,1
2025-11-30T15:37:42.669409,0.4106,-173.83,36.61,1,1
2025-11-30T15:37:42.708408,0.4107,-173.32,37.17,1,1
2025-11-30T15:37:42.724407,0.4147,-173.27,37.14,1,1
2025-11-30T15:37:42.761408,0.4263,169.21,39.26,1,1
2025-11-30T15:37:42.809407,0.4276,169.11,39.55,1,1
2025-11-30T15:37:42.824407,0.4286,169.03,39.58,1,1
2025-11-30T15:37:42.857409,0.4146,-173.06,37.29,1,1
2025-11-30T15:37:42.914409,0.4154,-173.21,37.05,1,1
2025-11-30T15:37:42.958408,0.4231,169.67,39.30,1,1
2025-11-30T15:37:42.975408,0.4183,-173.83,37.51,1,1
2025-11-30T15:37:43.009411,0.4168,169.24,39.57,1,1
2025-11-30T15:37:43.063412,0.4290,169.54,39.60,1,1
2025-11-30T15:37:43.081408,0.4172,169.41,39.57,1,1
2025-11-30T15:37:43.112411,0.4181,169.91,39.33,1,1
2025-11-30T15:37:43.163411,0.4220,169.95,39.65,1,1
2025-11-30T15:37:43.179408,0.4189,169.49,39.71,1,1
2025-11-30T15:37:43.217413,0.4093,169.72,39.70,1,1
2025-11-30T15:37:43.233407,0.4140,169.38,39.35,1,1
2025-11-30T15:37:43.270409,0.4128,169.13,39.41,1,1
2025-11-30T15:37:43.331415,0.4236,-173.46,37.77,1,1
2025-11-30T15:37:43.350409,0.4162,-173.31,37.49,1,1
2025-11-30T15:37:43.369409,0.4196,169.95,37.64,1,1
2025-11-30T15:37:43.384407,0.4286,170.83,37.60,1,1
2025-11-30T15:37:43.454408,0.3924,-172.18,33.11,1,1
2025-11-30T15:37:43.470407,0.4057,-173.82,25.04,1,1
2025-11-30T15:37:43.486409,0.3971,-174.46,24.56,1,1
2025-11-30T15:37:43.552408,0.3653,-176.33,7.53,0,1
2025-11-30T15:37:43.567406,0.3660,-175.45,-12.24,0,1
2025-11-30T15:37:43.583407,0.3664,-176.07,-10.58,0,1
2025-11-30T15:37:43.737408,0.3836,-173.61,-20.62,1,1
2025-11-30T15:37:43.752407,0.3774,-172.55,-21.01,1,1
2025-11-30T15:37:43.820408,0.3858,-172.82,-20.36,1,1
2025-11-30T15:37:43.835409,0.3877,-172.40,-21.04,1,1
2025-11-30T15:37:43.851409,0.3876,-172.76,-21.26,1,1
2025-11-30T15:37:43.866407,0.3890,-171.83,-22.18,1,1
2025-11-30T15:37:43.881408,0.4371,-173.44,-28.74,1,1
2025-11-30T15:37:43.901408,0.4215,-173.11,-28.01,1,1
2025-11-30T15:37:43.928409,0.4124,-172.04,-29.78,1,1
2025-11-30T15:37:43.943427,0.4468,168.49,-51.81,1,1
2025-11-30T15:37:43.981409,0.4183,168.67,-53.27,1,1
2025-11-30T15:37:44.011408,0.4551,-171.83,-32.72,1,1
2025-11-30T15:37:44.026408,0.4173,-172.82,-31.25,1,1
2025-11-30T15:37:44.063408,0.4463,-172.71,-31.79,1,1
2025-11-30T15:37:44.111408,0.4163,-172.79,-32.50,1,1
2025-11-30T15:37:44.125408,0.4779,-172.72,-32.97,1,1
2025-11-30T15:37:44.163407,0.4771,-173.16,-32.99,1,1
2025-11-30T15:37:44.214408,0.4293,-172.51,-33.80,1,1
2025-11-30T15:37:44.229410,0.4159,166.66,-56.34,1,1
2025-11-30T15:37:44.265409,0.4309,-172.09,-33.62,1,1
2025-11-30T15:37:44.319408,0.4303,-172.28,-34.11,1,1
2025-11-30T15:37:44.334409,0.4613,-172.45,-34.50,1,1
2025-11-30T15:37:44.364409,0.4375,-171.94,-34.46,1,1
2025-11-30T15:37:44.415408,0.4418,-171.17,-33.94,1,1
2025-11-30T15:37:44.463406,0.4474,-173.09,-35.07,1,1
2025-11-30T15:37:44.478408,0.4555,-171.88,-33.99,1,1
2025-11-30T15:37:44.515408,0.4140,166.25,-57.44,1,1
2025-11-30T15:37:44.565409,0.4572,166.99,-57.05,1,1
2025-11-30T15:37:44.579407,0.4205,-172.74,-35.40,1,1
2025-11-30T15:37:44.607407,0.4346,-173.29,-34.84,1,1
2025-11-30T15:37:44.622409,0.4465,165.72,-57.00,1,1
2025-11-30T15:37:44.656407,0.4360,-173.05,-34.48,1,1
2025-11-30T15:37:44.718407,0.4428,-173.91,-33.10,1,1
2025-11-30T15:37:44.781408,0.3843,-171.52,-31.39,1,1
2025-11-30T15:37:44.796409,0.4318,-172.52,-30.54,1,1
2025-11-30T15:37:44.821408,0.3544,-171.63,-27.56,1,1
2025-11-30T15:37:44.834407,0.3433,-172.54,-24.62,1,1
2025-11-30T15:37:44.857409,0.3361,-171.42,-21.19,1,1
2025-11-30T15:37:44.913409,0.3240,-172.60,-13.20,0,1
2025-11-30T15:37:44.960409,0.3034,-173.24,-10.96,0,1
2025-11-30T15:37:44.976409,0.3261,-173.43,-10.30,0,1
2025-11-30T15:37:45.012408,0.2662,-173.47,-5.76,0,1
2025-11-30T15:37:45.066408,0.2410,-175.56,1.17,0,1
2025-11-30T15:37:45.081410,0.2446,-174.21,0.73,0,1
2025-11-30T15:37:45.114408,0.2237,-176.02,4.67,0,1
2025-11-30T15:37:45.162408,0.2554,-175.11,12.52,0,0
2025-11-30T15:37:45.176408,0.2571,-176.47,4.62,0,0
2025-11-30T15:37:45.206408,0.2342,-175.00,14.15,0,0
2025-11-30T15:37:45.262409,0.2546,-173.09,7.19,0,0
2025-11-30T15:37:45.280409,0.2453,-174.49,9.45,0,0
2025-11-30T15:37:45.306407,0.2554,-172.74,9.72,0,0
2025-11-30T15:37:45.360409,0.2516,-172.18,15.58,0,0
2025-11-30T15:37:45.376408,0.2508,-171.77,14.05,0,1
2025-11-30T15:37:45.408409,0.2547,-171.27,13.88,0,1
2025-11-30T15:37:45.466409,0.2530,-170.35,9.46,0,1
2025-11-30T15:37:45.482409,0.2554,-171.48,10.60,0,1
2025-11-30T15:37:45.507407,0.2679,-171.03,8.40,0,1
2025-11-30T15:37:45.523409,0.2485,-170.61,8.11,0,1
2025-11-30T15:37:45.560410,0.2589,-168.84,5.81,0,1
2025-11-30T15:37:45.615406,0.2406,-166.99,5.08,0,1
2025-11-30T15:37:45.662408,0.2402,-167.11,3.40,0,1
2025-11-30T15:37:45.679409,0.2556,-167.85,3.15,0,0
2025-11-30T15:37:45.714408,0.2412,-165.87,0.86,0,0
2025-11-30T15:37:45.730407,0.2350,-166.83,0.97,0,0
2025-11-30T15:37:45.765408,0.2273,-165.32,-2.67,0,0
2025-11-30T15:37:45.815410,0.2209,-167.12,-4.25,0,0
2025-11-30T15:37:45.830408,0.2212,-166.05,-5.64,0,0
2025-11-30T15:37:45.870408,0.2236,-166.20,-9.38,0,0
2025-11-30T15:37:45.909408,0.2204,-165.66,-7.83,0,0
2025-11-30T15:37:45.923407,0.2206,-165.01,-8.84,0,0
2025-11-30T15:37:45.962407,0.2209,-163.81,-8.57,0,0
2025-11-30T15:37:46.010407,0.2274,-163.98,-7.08,0,0
